1,63887,10,5,2008,2008,6110,4692,950,5642,1,3,1,12,3,1418,214,160000
5,35760,10,5,1995,1996,1930,1831,1796,3627,1,4,1,10,1,807,361,625000
6,22950,10,9,1892,1993,1107,1518,1518,3608,1,4,1,12,2,840,0,475000
7,18386,7,9,1880,2002,1470,1675,1818,3493,0,3,1,10,1,870,302,295000
8,14100,8,9,1935,1997,728,1968,1479,3447,1,4,1,11,2,1014,314,381000
9,10896,6,7,1914,1995,1440,1440,1440,3395,0,8,2,14,0,0,0,200000
10,53504,8,5,2003,2003,1650,1690,1589,3279,1,4,1,12,1,841,503,538000
11,14720,8,5,1995,1996,2033,2053,1185,3238,1,4,1,9,1,666,283,410000
12,12692,8,5,1992,1993,3200,3228,0,3228,0,4,1,10,1,546,264,430000
13,12376,7,5,1990,1990,1673,1699,1523,3222,0,5,1,11,2,594,367,320000
14,12168,8,6,1934,1998,965,1940,1254,3194,1,4,1,10,2,380,0,359100
15,13518,9,5,2008,2009,1926,1966,1174,3140,1,4,1,11,2,820,144,485000
16,25419,8,4,1918,1990,1360,1360,1360,3112,0,4,1,8,1,795,0,235000
17,18030,5,6,1946,1994,1598,1636,971,3086,0,3,1,12,1,0,122,200500
18,15863,7,3,1920,1970,824,1687,998,3082,1,5,1,12,2,672,136,197000
19,11275,7,7,1967,2007,710,1898,1080,2978,1,5,1,11,1,564,240,242000
20,13682,10,5,2006,2006,1410,1426,1519,2945,1,3,1,10,1,641,192,438780
21,15498,8,6,1976,1976,1565,2898,0,2898,0,2,1,10,1,665,0,287000
22,12227,6,7,1977,1995,1330,1542,1330,2872,1,4,1,11,1,619,550,272000
23,10678,8,5,1992,2000,1683,2129,743,2872,1,4,1,9,1,541,0,285000
24,16056,9,5,2005,2006,1992,1992,876,2868,1,4,1,11,1,716,214,556581
25,9965,8,5,2006,2007,1466,1466,1362,2828,0,4,1,11,1,1052,125,424870
26,13891,9,5,2008,2009,1734,1734,1088,2822,1,4,1,12,1,1020,52,582933
27,9572,8,5,1990,1990,1453,1453,1357,2810,1,4,1,9,1,750,500,302000
28,15138,8,5,1995,1996,1462,1490,1304,2794,1,4,1,9,1,810,0,403000
29,10440,6,7,1920,1950,1510,1584,1208,2792,0,5,1,8,2,520,0,256000
30,16692,7,5,1978,1978,1392,1392,1392,2784,1,5,1,12,2,564,0,250000
31,13500,10,9,1893,2000,1237,1521,1254,2775,1,3,1,9,1,880,105,325000
32,10380,7,5,1986,1987,1502,1553,1177,2730,1,4,1,8,1,576,201,301000
33,20431,9,5,2005,2006,1848,1848,880,2728,1,4,1,10,2,706,0,437154
34,10570,8,8,1932,1994,853,1549,1178,2727,1,3,1,10,2,440,0,315000
35,8963,8,9,1976,1996,1142,1175,1540,2715,1,4,1,11,2,831,0,299800
36,14948,9,5,2008,2008,1452,1476,1237,2713,1,3,1,11,1,858,126,446261
37,13860,8,7,1972,1995,1952,2000,704,2704,1,4,1,9,3,538,269,345000
38,9965,7,5,2007,2007,1264,1282,1414,2696,1,4,1,10,1,792,120,383970
39,13688,9,5,2003,2004,1572,1572,1096,2668,1,3,1,10,2,726,400,412500
40,11029,6,7,1968,1984,1054,1512,1142,2654,1,4,1,9,1,619,0,250000
41,9900,7,5,1993,1993,1347,1372,1274,2646,1,4,1,9,1,656,340,260000
42,13693,9,5,2006,2006,2153,2069,574,2643,1,3,1,9,1,694,414,380000
43,11700,7,7,1880,2003,1240,1320,1320,2640,1,4,1,8,1,864,181,265979
44,11643,5,5,1969,1969,1248,1338,1296,2634,2,6,2,12,0,968,0,200000
45,11400,10,5,2001,2002,2633,2633,0,2633,1,2,1,8,2,804,314,466500
46,9200,8,5,1998,1998,1470,1470,1160,2630,1,4,1,8,1,696,0,315000
47,22420,6,6,1918,1950,1370,1370,1254,2624,1,4,1,10,1,864,0,239000
48,12256,8,5,1994,1995,1463,1500,1122,2622,1,3,1,9,2,712,186,325000
49,18890,5,5,1977,1977,1361,1361,1259,2620,2,4,2,12,1,600,155,190000
50,10800,6,7,1974,1997,1522,1548,1066,2614,1,4,1,9,1,624,38,240000
51,12203,8,5,1998,1999,1225,1276,1336,2612,1,4,1,8,1,676,250,336000
52,9000,8,5,2007,2007,1184,1184,1426,2610,1,4,1,11,1,550,208,303477
53,9842,5,6,1921,1998,612,990,1611,2601,1,4,1,8,0,621,183,189000
54,14774,9,5,1999,1999,1393,1422,1177,2599,1,4,1,10,1,779,668,333168
55,16259,9,5,2006,2006,1249,1249,1347,2596,1,4,1,9,0,840,240,342643
56,12438,8,5,2006,2006,1234,1264,1312,2576,1,4,1,10,1,666,324,361919
57,9588,8,5,2007,2007,1482,1482,1092,2574,1,3,1,10,1,868,0,276000
58,11526,6,7,1922,1994,588,1423,748,2555,0,3,1,11,1,672,431,191000
59,10800,7,8,1890,1998,718,1576,978,2554,1,3,1,8,0,704,0,159500
60,12257,8,5,1995,1995,1318,1328,1203,2531,1,4,1,9,1,752,222,290000
61,10120,8,5,1994,1994,1165,1203,1323,2526,1,4,1,8,1,844,309,290000
62,8520,6,7,1916,1950,714,1664,862,2526,0,5,1,10,1,216,88,136000
63,9600,8,5,1981,1981,2524,2524,0,2524,1,4,1,9,1,542,474,278000
64,3964,6,4,1973,1973,942,1291,1230,2521,1,5,1,10,1,576,728,151400
65,9950,7,5,1995,1995,1203,1214,1306,2520,1,4,1,9,1,721,224,290000
66,14541,8,7,1993,1993,1338,1352,1168,2520,1,5,1,10,1,796,209,310000
67,26178,7,5,1989,1990,1210,1238,1281,2519,1,4,1,9,2,628,320,335000
68,32668,6,3,1957,1975,2035,2515,0,2515,0,4,2,9,2,484,0,200624
69,11170,7,5,1990,1991,1216,1298,1216,2514,1,4,1,8,0,693,0,250000
70,11198,9,5,2005,2007,1122,1134,1370,2504,1,4,1,11,1,656,144,325000
71,12665,8,5,2005,2006,1094,1133,1349,2482,1,4,1,9,1,642,144,281213
72,9591,8,5,2004,2005,1143,1143,1330,2473,1,4,1,9,1,852,192,317000
73,12099,8,5,2004,2004,1136,1136,1332,2468,1,4,1,10,1,872,184,354000
74,11143,8,5,2004,2005,1580,1580,886,2466,0,4,1,8,1,610,159,340000
75,19378,7,5,2005,2006,1392,1392,1070,2462,1,4,1,9,1,576,239,320000
76,13418,8,5,2004,2005,1117,1132,1320,2452,1,4,1,9,1,691,113,309000
77,16226,8,5,1998,1999,1028,1210,1242,2452,1,4,1,9,1,683,208,267000
78,16545,8,5,1998,1998,1284,1310,1140,2450,1,3,1,7,1,1069,0,340000
79,46589,8,7,1994,2005,1629,1686,762,2448,1,4,1,8,1,711,517,402000
80,9638,6,7,1919,1990,804,1699,748,2447,0,4,1,10,1,336,272,169000
81,10542,7,5,1993,1994,1311,1325,1093,2418,1,3,1,9,1,983,250,341000
82,16059,8,5,1991,1992,1288,1301,1116,2417,1,4,1,9,1,462,127,260000
83,10800,5,4,1900,1970,954,1766,648,2414,0,3,2,10,1,520,142,160000
84,24090,7,7,1940,1950,1032,1207,1196,2403,0,4,1,10,2,349,56,244400
85,15431,10,5,2008,2008,3094,2402,0,2402,0,2,1,10,2,672,0,555000
86,11787,7,5,1996,1997,1379,1383,1015,2398,1,3,1,8,1,834,239,315750
87,13472,10,5,2003,2003,2392,2392,0,2392,0,3,1,8,1,968,248,386250
88,9452,8,5,1997,1998,1396,1407,985,2392,1,3,1,7,1,870,0,348000
89,18450,6,5,1965,1979,1021,1465,915,2380,1,3,1,7,1,596,0,129000
90,14215,8,5,2005,2006,1158,1158,1218,2376,1,4,1,9,1,853,240,325300
91,11999,8,5,2003,2004,1181,1234,1140,2374,1,4,1,10,1,656,104,285000
92,6600,5,4,1892,1965,994,1378,994,2372,0,4,2,11,0,432,0,107500
93,9430,8,5,1999,1999,1252,1268,1097,2365,1,3,1,8,1,856,0,337000
94,12919,9,5,2009,2010,2330,2364,0,2364,1,2,1,11,2,820,0,611657
95,45600,6,8,1908,1997,907,1307,1051,2358,0,5,1,10,1,360,486,240000
96,5250,8,5,1872,1987,684,938,1215,2358,0,4,1,8,0,0,0,122000
97,13005,7,7,1980,1980,845,1153,1200,2353,1,4,1,10,1,484,288,260000
98,16560,6,8,1932,1950,952,1170,1175,2345,1,4,1,9,1,360,0,239000
99,10208,7,5,1996,1997,1264,1277,1067,2344,1,3,1,7,1,889,220,265000
100,9042,7,9,1941,2006,1152,1188,1152,2340,0,4,1,9,2,252,0,266500
101,13600,5,5,1900,1950,662,1422,915,2337,0,5,2,10,0,560,0,90000
102,12474,10,5,2007,2008,1682,1742,590,2332,1,3,1,9,1,846,196,426000
103,11839,7,5,1990,1990,1475,1532,797,2329,1,4,1,10,1,514,192,262280
104,11924,9,5,2005,2006,1175,1182,1142,2324,0,4,1,11,2,736,147,345000
105,7259,6,8,1945,2002,1028,1436,884,2320,1,3,1,9,1,180,224,259500
106,14762,5,6,1948,1950,0,1547,720,2320,0,2,1,7,1,672,120,169000
107,13478,10,5,2008,2008,1722,1728,568,2296,1,3,1,10,1,842,382,451950
108,13346,7,5,1992,2000,1095,1166,1129,2295,1,4,1,9,1,590,0,268000
109,7200,6,6,1910,1998,1214,1260,1031,2291,0,4,2,9,1,506,0,133900
110,8738,7,5,1999,1999,975,1005,1286,2291,1,4,1,8,1,429,192,230000
111,11250,8,5,2002,2002,1128,1149,1141,2290,1,4,1,9,1,779,0,255900
112,11340,4,6,1885,1950,777,1246,1044,2290,0,4,2,11,0,560,0,122500
113,15593,7,4,1953,1953,1304,1304,983,2287,0,3,1,7,1,667,0,225000
114,11000,8,5,2000,2000,969,997,1288,2285,1,4,1,8,1,648,0,248000
115,11600,5,5,1960,1960,1105,1105,1169,2274,0,5,2,12,0,480,0,154300
116,11764,8,7,1999,2007,1152,1164,1106,2270,1,4,1,9,1,671,132,290000
117,8068,6,5,2002,2002,1010,1010,1257,2267,1,4,1,8,1,390,120,200000
118,16659,7,7,1977,1994,795,1468,795,2263,1,3,1,9,1,539,0,235000
119,12090,8,5,1998,1998,1141,1165,1098,2263,1,4,1,10,1,420,144,258000
120,9240,8,5,2001,2002,1055,1055,1208,2263,1,3,1,7,1,905,0,287000
121,12244,8,5,2003,2003,1482,1482,780,2262,1,4,1,10,2,749,168,305000
122,14000,7,5,1996,1997,1306,1306,954,2260,1,3,1,7,0,533,296,328000
123,21000,6,5,1953,1953,1809,2259,0,2259,0,3,1,7,2,450,166,217000
124,8795,7,5,2000,2000,952,980,1276,2256,1,4,1,8,1,554,224,236000
125,13474,7,5,1990,1991,700,1122,1121,2243,1,4,1,8,1,746,127,225000
126,7018,5,5,1979,1979,0,1120,1120,2240,0,6,2,12,0,528,154,142953
127,13006,7,5,1997,1997,964,993,1243,2236,1,4,1,8,1,642,0,222000
128,17423,9,5,2008,2009,2216,2234,0,2234,0,1,1,9,1,1166,0,501837
129,6204,4,5,1912,1950,795,954,795,2230,0,5,1,10,0,440,0,118500
130,5520,6,6,1912,1950,755,929,929,2229,0,5,1,8,0,0,0,104000
131,8834,9,5,2004,2005,1462,1462,762,2224,1,4,1,10,1,738,184,350000
132,13651,7,6,1973,1973,2223,2223,0,2223,0,3,1,8,2,516,300,244000
133,15865,8,6,1970,1970,2217,2217,0,2217,0,4,1,8,1,621,81,268000
134,9900,6,4,1880,1950,1008,1178,1032,2210,0,5,1,8,0,205,0,117500
135,19900,7,5,1970,1989,1947,2207,0,2207,0,3,1,7,1,576,301,180000
136,19690,6,7,1966,1966,697,1575,626,2201,0,4,1,8,1,432,586,274970
137,8777,5,7,1900,2003,1272,1272,928,2200,2,4,2,9,0,0,0,145900
138,14260,8,5,2000,2000,1145,1145,1053,2198,1,4,1,9,1,836,192,250000
139,14684,7,7,1990,1991,2158,2196,0,2196,0,3,1,7,1,701,84,271900
140,8400,5,8,1939,1997,720,1052,720,2192,1,4,1,8,1,240,262,179500
141,11308,9,5,2008,2008,1104,1130,1054,2184,1,3,1,10,1,836,0,335000
142,13837,7,5,1988,1988,1204,1377,806,2183,1,4,1,9,0,786,0,229000
143,14154,7,5,2006,2006,1063,1071,1101,2172,1,3,1,9,1,947,192,280000
144,9375,8,5,2002,2002,1284,1284,885,2169,1,3,1,7,1,647,192,228500
145,17542,7,7,1974,2003,1192,1516,651,2167,1,3,1,9,2,518,220,294000
146,10562,8,5,2007,2007,1582,1610,551,2161,1,3,1,8,1,789,178,325624
147,12615,6,7,1950,2001,1202,2158,0,2158,0,4,1,7,1,576,0,243000
148,14200,7,6,1966,1966,924,1216,941,2157,1,4,1,8,2,487,105,226000
149,20781,7,7,1968,2003,1568,2156,0,2156,0,3,1,9,1,508,0,262500
150,11050,9,5,2000,2000,1440,1476,677,2153,1,3,1,8,2,736,253,313000
151,12822,7,5,2003,2003,1434,1518,631,2149,1,1,1,6,1,670,168,239686
152,159000,6,7,1958,2006,1444,1444,700,2144,0,4,1,7,2,389,0,277000
153,13000,6,6,1968,1968,896,1182,960,2142,1,4,1,8,1,509,0,193500
154,8100,5,5,1898,1965,849,1075,1063,2138,0,2,3,11,0,360,40,106000
155,10680,5,3,1951,1951,2136,2136,0,2136,0,4,1,7,0,528,0,137900
156,11888,6,6,1916,1994,844,1445,689,2134,0,5,1,10,0,441,0,214500
157,12327,8,8,1983,2009,1496,1496,636,2132,1,1,1,5,1,612,349,316600
158,13125,7,5,1991,1991,1104,912,1215,2127,1,4,1,8,1,833,72,238000
159,10944,7,5,1994,1994,1223,1223,904,2127,1,3,1,5,2,525,171,271000
160,28698,5,5,1967,1967,1013,1160,966,2126,1,3,1,7,0,538,486,185000
161,14450,9,5,2006,2007,2121,2121,0,2121,1,3,1,8,1,732,124,415298
162,10448,6,6,1972,1972,689,1378,741,2119,1,3,1,7,1,583,0,158000
163,12925,6,7,1970,1970,1205,2117,0,2117,1,4,1,7,2,550,0,237500
164,10437,8,6,1995,1995,2109,2113,0,2113,1,2,1,7,1,839,236,350000
165,11075,6,5,1969,1969,952,1092,1020,2112,1,4,1,9,2,576,280,206900
166,8880,7,5,1994,2002,948,1222,888,2110,1,3,1,8,2,463,0,205000
167,11160,7,5,1968,1968,2110,2110,0,2110,1,3,1,8,2,522,0,244000
168,13728,6,7,1935,1986,1127,1236,872,2108,0,4,1,7,2,540,0,235000
169,10240,8,5,2005,2005,1030,1038,1060,2098,1,3,1,8,1,878,192,275500
170,11228,7,5,1993,1993,1080,1080,1017,2097,1,3,1,9,1,678,196,228000
171,20896,8,5,2005,2006,2077,2097,0,2097,1,1,1,8,1,1134,192,423000
172,9750,7,6,1998,1998,1108,1108,989,2097,1,3,1,8,1,583,253,274300
173,9375,7,5,2003,2004,912,912,1182,2094,1,4,1,8,1,615,182,263000
174,20544,7,6,1986,1991,791,1236,857,2093,1,3,1,7,1,542,364,215000
175,10382,7,6,1973,1973,1107,1107,983,2090,1,3,1,7,2,484,235,200000
176,5062,7,5,1984,1984,1190,1190,900,2090,0,3,1,6,1,577,219,207500
177,10000,8,5,1995,1996,1220,1220,870,2090,1,3,1,8,1,556,0,240000
178,12205,6,8,1966,2007,832,976,1111,2087,1,5,1,9,0,444,133,187500
179,10142,7,5,2004,2004,956,956,1128,2084,1,4,1,8,0,618,0,233000
180,14803,10,5,2007,2008,2078,2084,0,2084,0,2,1,7,1,1220,188,385000
181,11426,7,5,2003,2003,1362,1362,720,2082,1,3,1,6,0,484,280,200000
182,10918,7,9,1926,2004,1276,1276,804,2080,1,3,1,9,2,282,0,234000
183,11606,5,5,1969,1969,1040,1040,1040,2080,2,5,1,9,2,504,335,135000
184,10800,8,5,2007,2008,1034,1050,1028,2078,1,3,1,8,1,836,0,339750
185,13891,10,5,2006,2006,2076,2076,0,2076,1,2,1,7,1,850,216,465000
186,13175,6,6,1978,1988,1542,2073,0,2073,0,3,1,7,2,500,349,210000
187,27650,7,7,1960,2007,585,2069,0,2069,0,4,1,9,1,505,0,242000
188,14364,7,5,1988,1989,1157,1180,882,2062,1,3,1,7,1,454,60,277000
189,10029,6,5,1988,1989,1151,1164,896,2060,1,4,1,8,1,521,0,211000
190,8755,7,5,1999,1999,992,1022,1038,2060,1,3,1,8,1,390,0,214000
191,9600,6,5,1917,1950,735,1134,924,2058,1,3,1,8,1,396,0,129500
192,11500,7,7,1936,1987,1017,1020,1037,2057,1,3,1,6,1,180,0,250000
193,12224,6,5,2000,2000,992,1022,1032,2054,1,3,1,7,1,390,24,244000
194,10625,7,5,2003,2004,998,1006,1040,2046,1,3,1,8,1,871,320,284000
195,11844,8,5,2008,2008,2046,2046,0,2046,1,3,1,7,1,834,322,372500
196,12704,8,5,2008,2009,2042,2042,0,2042,1,3,1,8,1,1390,0,253293
197,215245,7,5,1965,1965,2136,2036,0,2036,0,3,1,8,2,513,0,375000
198,9505,7,5,2001,2001,884,884,1151,2035,1,3,1,8,1,434,144,222500
199,9375,7,5,1997,1998,1057,1057,977,2034,1,3,1,8,0,645,576,219500
200,11404,7,5,1998,1999,1153,1153,878,2031,1,3,1,8,1,541,192,222500
201,9473,8,5,2002,2002,1128,1128,903,2031,1,3,1,7,1,577,0,237000
202,12046,6,6,1976,1976,848,1118,912,2030,1,4,1,8,1,551,0,195000
203,11443,8,5,2005,2006,1868,2028,0,2028,0,2,1,7,2,880,326,369900
204,10005,7,5,1977,1977,1160,1156,866,2022,1,4,1,8,1,505,288,192000
205,23257,7,5,2006,2006,868,887,1134,2021,1,3,1,9,1,422,0,274725
206,12220,10,5,2009,2009,2006,2020,0,2020,1,3,1,9,1,900,156,402861
207,8400,5,5,1977,1977,0,2020,0,2020,0,4,2,10,2,630,0,144000
208,9828,8,5,1995,1995,1128,1142,878,2020,1,3,1,8,1,466,0,239500
209,11414,7,8,1910,1993,728,1136,883,2019,0,3,1,8,0,532,509,167500
210,13214,9,5,2008,2009,2002,2018,0,2018,0,3,1,10,1,746,144,378500
211,9920,7,5,1996,1997,1117,1127,886,2013,1,3,1,8,1,455,180,269790
212,7800,5,8,1948,2002,896,1112,896,2008,0,3,1,8,0,230,103,225000
213,11003,10,5,2008,2008,1017,1026,981,2007,1,3,1,10,1,812,168,310000
214,6270,5,6,1949,1950,1001,1001,1001,2002,0,4,2,8,0,871,0,145000
215,10386,8,5,2004,2005,2000,2000,0,2000,0,3,1,8,0,888,168,305900
216,14803,6,5,1971,1971,825,1097,896,1993,1,4,1,8,1,495,0,190000
217,9375,8,5,2003,2004,1053,1053,939,1992,1,3,1,9,1,648,140,250000
218,11275,6,7,1932,1950,854,1096,895,1991,1,3,1,7,1,432,0,220000
219,11367,8,5,2002,2002,1065,1091,898,1989,1,3,1,7,1,586,199,255000
220,14303,8,5,1994,1994,1986,1987,0,1987,0,2,1,7,1,691,262,301500
221,13600,7,6,1965,1990,768,1186,800,1986,1,3,1,7,3,486,0,205000
222,10762,7,5,1999,1999,978,1005,978,1983,1,3,1,9,1,490,0,225000
223,11287,7,6,1989,1989,807,1175,807,1982,1,3,1,7,1,575,0,228500
224,7804,4,3,1928,1950,1122,1328,653,1981,0,4,1,7,2,576,431,135000
225,16737,9,5,2004,2005,1980,1980,0,1980,0,3,1,8,1,770,194,315000
226,9900,7,5,1968,1968,832,1098,880,1978,1,4,1,9,1,486,0,176000
227,9500,6,6,1964,1978,816,1127,850,1977,1,4,1,9,1,540,0,165000
228,14977,8,5,2006,2007,1976,1976,0,1976,0,2,1,7,1,908,250,440000
229,14226,8,5,2006,2006,1935,1973,0,1973,0,3,1,9,1,895,315,395000
230,9675,7,5,2005,2005,1113,1113,858,1971,1,3,1,8,1,689,0,253000
231,11065,8,5,2006,2006,1085,1120,850,1970,1,3,1,8,1,753,177,281000
232,11952,7,6,1977,1977,808,1161,808,1969,1,3,1,8,1,534,0,190000
233,12003,8,5,2009,2010,774,774,1194,1968,1,4,1,8,1,680,0,269500
234,11075,5,4,1969,1969,784,1168,800,1968,1,4,1,7,1,530,305,172000
235,10480,7,6,1976,1976,803,1098,866,1964,1,4,1,8,1,483,0,205000
236,8525,5,6,1911,1950,940,1024,940,1964,1,4,1,7,0,0,0,130000
237,8760,7,5,2006,2006,1391,1391,571,1962,1,3,1,7,0,868,0,239799
238,12209,6,5,2001,2002,804,804,1157,1961,1,3,1,7,1,560,125,215000
239,7851,6,5,2002,2002,860,860,1100,1960,1,4,1,8,2,440,288,216500
240,7596,5,5,1952,1952,960,960,1000,1960,0,4,2,10,0,400,0,124500
241,11070,7,5,1988,1989,1907,1959,0,1959,0,5,2,9,0,766,0,171000
242,9000,8,5,2006,2006,1088,1088,871,1959,1,3,1,8,1,1025,208,270000
243,11796,7,5,2004,2005,847,847,1112,1959,1,4,1,8,1,434,100,215000
244,7136,6,6,1946,1950,979,979,979,1958,0,4,2,8,0,492,0,145000
245,10625,7,5,2005,2005,1026,1026,932,1958,1,3,1,9,1,936,154,250000
246,15660,7,9,1939,2006,798,1137,817,1954,1,3,1,8,2,431,0,311500
247,53107,6,5,1992,1992,1580,1079,874,1953,1,3,1,9,2,501,216,240000
248,10574,8,5,2005,2006,1082,1082,871,1953,1,3,1,9,1,1043,160,252000
249,7399,7,5,1997,1998,975,975,975,1950,1,3,1,7,1,576,0,239000
250,9938,7,5,1993,1994,1050,1062,887,1949,1,3,1,8,1,574,156,236000
251,12393,7,5,2004,2005,847,847,1101,1948,1,4,1,8,1,434,100,195000
252,12552,7,5,2004,2005,991,991,956,1947,1,3,1,8,1,678,0,254900
253,12378,9,5,2003,2004,1896,1944,0,1944,0,3,1,8,3,708,208,360000
254,10159,9,5,2009,2010,1930,1940,0,1940,1,3,1,8,1,606,168,395192
255,10728,8,5,2006,2006,1095,1095,844,1939,1,3,1,8,1,1053,192,266000
256,11194,8,5,2000,2000,1406,1454,482,1936,1,3,1,7,1,504,188,230500
257,8004,8,5,2009,2009,832,832,1103,1935,1,3,1,8,0,552,0,263435
258,12384,7,7,1976,1976,793,1142,793,1935,1,3,1,7,1,550,0,197900
259,14598,6,5,2007,2007,894,894,1039,1933,1,4,1,9,1,668,100,214000
260,12444,8,5,2008,2008,1932,1932,0,1932,0,2,1,7,1,774,0,394617
261,7050,7,5,2001,2001,1057,1057,872,1929,1,3,1,7,1,650,0,226000
262,9142,6,8,1910,1950,1020,908,1020,1928,0,4,2,9,0,440,0,137000
263,8200,7,5,2003,2004,847,847,1081,1928,1,4,1,8,1,434,100,219500
264,7082,5,8,1916,1995,686,948,980,1928,0,5,2,10,0,0,0,160000
265,12011,8,5,1998,1998,1086,1086,838,1924,1,3,1,7,1,592,208,280000
266,10186,7,5,1992,1992,750,1061,862,1923,1,3,1,8,1,564,240,190000
267,14157,9,5,2005,2006,1922,1922,0,1922,0,3,1,8,1,676,178,377426
268,7301,7,5,2003,2003,0,495,1427,1922,0,4,1,7,1,672,0,198500
269,13650,5,5,1958,1958,1052,1252,668,1920,0,4,1,8,1,451,0,172500
270,11345,5,5,1948,1950,928,928,992,1920,0,4,2,10,0,400,0,137000
271,10192,7,6,1968,1992,570,1222,698,1920,0,4,1,8,1,487,0,170000
272,15611,8,5,2006,2006,1079,1079,840,1919,1,3,1,8,1,685,0,233230
273,10041,8,5,1992,1992,908,927,988,1915,1,3,1,8,1,506,120,220000
274,7558,6,6,1928,1950,896,1172,741,1913,1,3,1,9,1,342,0,177000
275,10800,6,7,1905,2000,482,1221,691,1912,0,3,2,7,1,672,0,163000
276,9554,8,5,1993,1994,777,1065,846,1911,1,3,1,8,1,471,182,215000
277,14191,8,5,2002,2002,967,993,915,1908,1,4,1,9,0,431,135,202900
278,8750,7,5,1994,1995,915,933,975,1908,1,4,1,8,1,493,144,210000
279,11670,9,5,2006,2006,1905,1905,0,1905,0,3,1,8,1,788,0,320000
280,10927,8,5,2005,2005,1058,1058,846,1904,1,3,1,8,1,736,179,275000
281,7200,5,4,1950,1982,1208,1136,768,1904,1,3,1,7,0,240,0,138000
282,8930,6,5,1978,1978,0,1318,584,1902,0,4,2,8,0,539,0,112000
283,17500,7,8,1959,2002,1902,1902,0,1902,0,3,1,7,2,567,0,335000
284,10832,7,5,1994,1996,712,1086,809,1895,1,3,1,7,1,409,143,194500
285,11316,7,5,2002,2003,817,824,1070,1894,1,4,1,8,1,510,0,214900
286,10120,7,4,1910,1950,925,964,925,1889,1,4,2,9,1,308,0,122000
287,16492,6,6,1966,2002,1517,1888,0,1888,1,2,1,6,1,578,0,190000
288,11214,7,5,1998,1999,930,956,930,1886,1,4,1,10,1,431,89,199900
289,9120,6,6,1974,1974,901,943,933,1876,1,4,1,8,1,540,0,185000
290,10400,7,5,1988,1988,1845,1872,0,1872,0,3,1,6,1,604,197,241500
291,11885,8,5,2001,2001,1299,1299,573,1872,1,3,1,7,1,531,160,261500
292,7820,9,5,2007,2007,1869,1869,0,1869,0,2,1,6,1,617,210,318061
293,8820,5,6,1890,1996,1088,1188,561,1869,0,2,1,7,0,456,48,124900
294,10304,5,7,1976,1976,780,1088,780,1868,1,4,1,9,1,484,448,197500
295,12090,6,7,1984,2003,585,1140,728,1868,1,3,1,7,1,477,268,178000
296,10708,5,5,1955,1993,1617,1867,0,1867,0,2,1,7,3,303,476,190000
297,10316,7,5,2000,2000,992,992,873,1865,1,3,1,7,1,839,0,235000
298,14054,7,5,2006,2006,879,879,984,1863,1,4,1,9,1,660,100,219210
299,13450,7,5,2002,2002,916,920,941,1861,1,3,1,8,0,492,146,200000
300,11394,9,2,2010,2010,1856,1856,0,1856,1,1,1,8,1,834,113,394432
301,9525,6,4,1954,1972,994,1216,639,1855,0,4,1,7,0,325,182,136900
302,9600,6,7,1976,1994,528,1094,761,1855,1,3,1,7,1,512,113,187000
303,9066,8,5,1999,2000,1004,1004,848,1852,1,3,1,7,2,660,224,230000
304,8640,7,5,2009,2009,900,932,920,1852,1,3,1,7,1,644,168,252678
305,9760,6,8,1964,1993,822,1020,831,1851,1,3,1,7,1,440,239,187000
306,16033,9,5,2004,2005,1833,1850,0,1850,0,3,1,8,1,772,519,326000
307,29959,7,6,1994,1994,973,979,871,1850,1,3,1,7,1,467,168,248000
308,13053,6,7,1923,2000,833,1053,795,1848,1,4,1,8,1,370,0,207000
309,10496,6,6,1949,1950,1040,1168,678,1846,0,3,1,7,1,315,0,143000
310,11218,6,5,1992,1992,1055,1055,790,1845,1,3,1,8,1,462,635,189000
311,11751,6,6,1977,1977,1844,1844,0,1844,0,3,1,7,1,546,0,190000
312,10994,8,5,2005,2006,1844,1844,0,1844,0,2,1,7,1,620,165,257000
313,16381,6,5,1969,1969,1844,1844,0,1844,0,3,1,7,1,540,0,223000
314,50271,9,5,1981,1987,1842,1842,0,1842,1,0,1,5,1,894,857,385000
315,12420,7,5,2001,2001,944,944,896,1840,1,3,1,6,0,622,0,230000
316,7700,6,5,1966,1966,756,1051,788,1839,1,4,1,7,1,442,0,155000
317,14442,6,7,1957,2004,1477,1839,0,1839,0,3,1,7,2,416,0,257500
318,16770,7,5,1998,1998,1195,1195,644,1839,1,4,1,7,0,486,0,221000
319,14601,9,5,2006,2006,1838,1838,0,1838,0,2,1,8,1,765,270,315000
320,21930,5,5,2005,2005,732,734,1104,1838,1,4,1,7,1,372,100,192140
321,9100,7,5,2004,2005,1860,1836,0,1836,0,3,1,8,1,484,120,216837
322,11362,8,5,2004,2005,1836,1836,0,1836,0,3,1,7,1,862,125,280000
323,9548,7,6,2003,2003,941,941,888,1829,1,3,1,7,1,613,192,237000
324,11694,9,5,2007,2007,1822,1828,0,1828,0,3,1,9,1,774,0,314813
325,2500,7,8,1915,2005,910,916,910,1826,1,4,1,7,1,164,0,155000
326,11302,8,5,2005,2006,1814,1826,0,1826,0,3,1,7,1,758,180,319000
327,115149,7,5,1971,2002,1643,1824,0,1824,0,2,1,5,2,739,380,302000
328,13515,6,6,1919,1950,764,1060,764,1824,0,3,1,8,1,520,0,180500
329,9400,6,5,1971,1971,912,912,912,1824,2,4,2,8,0,0,128,139000
330,9120,7,6,1925,1950,1026,1133,687,1820,0,4,1,8,0,240,0,184000
331,13700,7,6,1965,1988,864,902,918,1820,2,4,1,8,2,492,60,201800
332,7758,7,4,1931,1950,1040,1226,592,1818,1,4,1,7,2,240,0,169500
333,7590,5,5,1962,1962,864,876,936,1812,0,4,1,8,1,264,0,169500
334,7630,5,9,1900,1996,360,1032,780,1812,0,4,2,8,1,672,344,140000
335,14115,6,7,1956,2004,1073,1811,0,1811,0,2,1,6,1,470,0,230000
336,7500,7,5,1999,1999,994,1028,776,1804,1,3,1,7,1,442,140,189000
337,13125,5,4,1957,2000,1134,1803,0,1803,0,3,1,8,1,484,0,155000
338,7588,7,6,1920,1950,793,901,901,1802,1,4,1,9,1,216,0,200100
339,15602,7,8,1959,1997,1501,1801,0,1801,0,1,1,6,2,484,0,289000
340,10463,8,5,2005,2005,893,901,900,1801,1,3,1,8,1,800,0,239900
341,8123,6,5,2000,2000,982,1007,793,1800,1,3,1,7,1,463,100,179000
342,14331,8,5,2002,2002,1800,1800,0,1800,0,3,1,7,1,765,270,312500
343,8000,5,4,1961,1961,1800,1800,0,1800,0,6,2,10,0,0,0,141000
344,11923,9,5,2007,2007,1800,1800,0,1800,0,2,1,7,0,702,288,239000
345,9245,7,5,2006,2006,939,939,858,1797,1,3,1,8,0,639,144,213500
346,9531,6,5,1998,1998,794,882,914,1796,1,3,1,7,0,546,0,211000
347,7056,6,5,1963,1963,780,983,813,1796,1,4,1,8,1,483,0,140000
348,9742,8,5,2002,2002,1777,1795,0,1795,0,3,1,7,1,534,171,230000
349,12150,5,5,1954,1954,1050,1050,745,1795,0,4,1,7,0,352,0,131500
350,9986,8,5,2006,2007,1795,1795,0,1795,0,2,1,7,1,895,0,147000
351,12435,7,5,2001,2001,963,963,829,1792,1,3,1,7,1,564,0,231500
352,11846,9,5,2003,2004,1792,1792,0,1792,0,2,1,6,1,874,206,374000
353,10261,6,5,2000,2000,936,962,830,1792,1,3,1,8,1,451,0,186500
354,9000,5,5,1974,1974,896,896,896,1792,2,4,2,8,0,0,32,136000
355,10400,6,5,1972,1972,732,1012,778,1790,2,4,1,8,1,484,148,165150
356,9179,7,5,1999,1999,873,882,908,1790,1,3,1,7,0,588,0,193000
357,11838,8,5,2001,2001,1753,1788,0,1788,0,3,1,7,1,522,202,236500
358,11250,4,5,1957,1989,1104,1104,684,1788,0,5,1,8,2,304,120,161500
359,14781,8,5,2001,2002,1753,1787,0,1787,0,3,1,7,1,748,198,275000
360,11250,7,5,2001,2002,920,920,866,1786,1,3,1,6,1,608,0,223500
361,9337,6,5,1997,1997,824,905,881,1786,1,3,1,7,0,684,0,204750
362,164660,5,6,1965,1965,1499,1619,167,1786,0,3,1,7,2,529,670,228950
363,13132,5,5,1914,1950,747,892,892,1784,1,4,1,9,0,180,203,138887
364,17920,5,4,1955,1974,1763,1779,0,1779,1,3,1,6,1,454,0,170000
365,10400,7,5,1998,1998,866,866,913,1779,1,3,1,6,0,546,198,197900
366,11475,5,5,1958,1958,1584,1776,0,1776,0,4,2,9,0,888,0,110000
367,14006,7,5,2002,2002,936,936,840,1776,1,3,1,7,1,474,144,192500
368,15306,8,5,2006,2007,1732,1776,0,1776,0,3,1,7,1,712,0,283463
369,9317,7,5,1993,1993,740,1006,769,1775,1,3,1,7,1,425,234,213000
370,6120,7,5,1931,1950,952,1022,752,1774,0,2,2,8,2,468,90,129900
371,9600,4,2,1900,1950,1095,1095,679,1774,0,4,2,8,0,779,0,87000
372,21750,5,4,1960,2006,0,1771,0,1771,0,3,1,9,1,336,0,115000
373,10778,4,5,1968,1968,1768,1768,0,1768,0,4,2,8,0,0,0,136500
374,9803,7,5,2005,2005,866,866,902,1768,1,3,1,7,0,603,0,226700
375,10800,7,7,1914,1970,880,880,888,1768,1,2,1,6,2,320,0,163000
376,10769,8,5,2007,2007,866,866,902,1768,1,3,1,7,0,578,144,212000
377,7200,5,7,1937,1950,731,981,787,1768,1,3,1,7,2,240,0,175000
378,8158,7,5,2003,2003,884,884,884,1768,1,3,1,8,0,543,0,224900
379,5306,7,7,1987,1987,1064,1064,703,1767,0,2,1,5,1,504,441,239000
380,9187,9,5,2009,2009,1766,1766,0,1766,1,2,1,7,1,478,195,370878
381,15426,6,5,1997,1997,928,928,836,1764,1,3,1,7,0,470,276,231500
382,7200,7,7,1920,1950,596,998,764,1762,1,4,1,8,0,576,36,157000
383,10207,7,6,2007,2007,874,874,887,1761,0,3,1,7,0,578,144,227875
384,9303,6,5,1996,1997,872,888,868,1756,1,3,1,7,0,422,144,204000
385,7658,9,5,2005,2005,1752,1752,0,1752,0,2,1,6,1,576,196,319900
386,12134,8,7,1988,2005,559,1080,672,1752,0,4,1,8,0,492,325,164000
387,9000,5,6,1880,1991,636,1089,661,1750,0,3,1,8,0,240,0,124000
388,12508,6,7,1940,1985,983,983,767,1750,0,4,1,7,0,423,245,160000
389,14892,9,5,2006,2007,1746,1746,0,1746,0,3,1,7,2,758,201,377500
390,9453,7,7,1993,2003,996,1014,730,1744,1,3,1,7,0,457,370,194500
391,11700,6,6,1968,1968,702,1041,702,1743,2,3,1,7,1,539,224,175000
392,6563,8,5,1985,1985,1742,1742,0,1742,0,2,1,5,1,564,114,275000
393,17671,8,9,1882,1986,916,916,826,1742,1,4,1,8,1,424,0,168000
394,13125,7,6,1940,1984,800,960,780,1740,1,3,1,6,2,240,0,219500
395,2645,8,5,1999,2000,970,983,756,1739,1,3,1,7,0,480,115,172500
396,12513,4,4,1920,2007,715,1281,457,1738,0,4,1,7,1,368,55,104900
397,11645,7,5,2005,2005,1734,1734,0,1734,0,3,1,7,0,660,160,260000
398,9786,6,7,1962,1981,912,1085,649,1734,1,3,1,7,1,440,0,159000
399,10125,5,5,1977,1977,0,1302,432,1734,0,4,2,8,0,539,0,126000
400,12085,8,5,2007,2007,1734,1734,0,1734,0,3,1,7,1,928,0,318000
401,12394,7,5,2003,2003,847,847,886,1733,1,3,1,7,1,433,100,225000
402,13680,3,5,1955,1955,0,1733,0,1733,0,4,1,8,1,452,0,139600
403,9206,6,5,1985,1985,741,977,755,1732,1,3,1,7,1,476,192,178000
404,9100,5,5,1963,1963,1728,1728,0,1728,0,6,2,10,0,504,0,125000
405,8791,6,5,2003,2003,864,864,864,1728,1,3,1,7,0,673,216,207500
406,10624,5,4,1964,1964,1728,1728,0,1728,0,6,2,10,0,352,155,119000
407,9297,5,5,1976,1976,1728,1728,0,1728,0,4,2,8,0,560,0,188000
408,13101,5,5,1965,1965,1728,1728,0,1728,0,6,2,10,0,576,0,142600
409,9313,7,5,2004,2004,864,864,864,1728,1,3,1,7,0,572,187,190000
410,12640,6,5,1976,1976,1728,1728,0,1728,0,4,2,8,0,574,40,150900
411,9416,7,5,2007,2007,1726,1726,0,1726,0,3,1,8,1,786,171,311872
412,11584,7,6,1979,1979,539,1040,685,1725,1,3,1,6,1,550,0,197000
413,8924,7,5,1998,1999,880,880,844,1724,1,3,1,8,0,527,120,188000
414,17871,6,5,1967,1976,1680,1724,0,1724,1,3,1,7,1,480,0,197900
415,10335,5,6,1968,1993,1461,1721,0,1721,1,3,1,7,1,440,0,180000
416,8462,6,5,1994,1994,928,936,785,1721,1,3,1,7,0,471,300,201000
417,11645,7,5,2004,2004,860,860,860,1720,1,3,1,7,0,565,0,196500
418,8244,7,5,2004,2004,840,840,880,1720,1,3,1,7,1,440,100,183500
419,10593,7,5,1996,1996,1720,1720,0,1720,0,3,1,7,1,527,240,260400
420,10846,8,5,1993,1993,1719,1719,0,1719,1,1,1,6,2,473,122,324000
421,10141,7,5,1998,1998,832,885,833,1718,1,3,1,7,1,427,0,185000
422,10637,8,5,2007,2008,1705,1718,0,1718,0,3,1,7,1,826,208,297000
423,12456,10,5,2006,2007,1700,1718,0,1718,0,3,1,7,1,786,216,337500
424,9550,7,5,1915,1970,756,961,756,1717,0,3,1,7,1,642,0,140000
425,11146,8,5,2006,2006,1709,1717,0,1717,0,3,1,7,1,908,169,255500
426,13758,7,5,1990,1991,1156,1187,530,1717,1,3,1,7,1,400,168,187500
427,5687,5,6,1912,2000,780,936,780,1716,0,6,1,9,0,0,0,135900
428,11409,5,4,1949,2008,768,1148,568,1716,1,3,1,8,1,281,0,131000
429,8750,7,5,1996,1996,880,909,807,1716,1,2,1,7,1,512,0,191000
430,9247,6,6,1962,1962,858,858,858,1716,1,4,1,8,1,490,0,171000
431,10421,7,5,1988,1988,980,980,734,1714,1,3,1,7,1,496,228,196500
432,9591,8,5,2004,2005,1713,1713,0,1713,0,3,1,7,1,856,0,274900
433,8393,5,5,1959,2005,1626,1712,0,1712,0,4,2,8,0,588,272,145000
434,8450,7,5,2003,2003,856,856,854,1710,1,3,1,8,0,548,0,208500
435,10300,7,6,1921,1950,576,902,808,1710,0,3,1,9,0,480,12,140000
436,13891,8,5,2007,2008,1710,1710,0,1710,0,2,1,6,1,866,0,372402
437,9291,6,5,1993,1993,832,832,878,1710,1,3,1,7,0,506,144,187000
438,12118,7,5,2004,2005,1710,1710,0,1710,0,3,1,7,1,550,100,240000
439,2522,6,5,2004,2006,970,970,739,1709,0,3,1,7,0,380,0,130000
440,2522,7,5,2004,2004,970,970,739,1709,0,3,1,7,0,380,0,130000
441,5119,9,5,1999,2000,1698,1709,0,1709,0,2,1,5,1,506,97,328900
442,2522,7,5,2004,2004,970,970,739,1709,0,3,1,7,0,380,0,137500
443,3363,7,5,2004,2004,976,976,732,1708,0,3,1,7,0,380,0,130000
444,16669,8,6,1981,1981,1686,1707,0,1707,1,2,1,6,1,511,574,228000
445,11478,8,5,2007,2008,1704,1704,0,1704,0,3,1,7,1,772,0,306000
446,8769,9,5,2008,2008,1702,1702,0,1702,1,1,1,7,1,1052,0,367294
447,16647,5,5,1975,1981,1390,1701,0,1701,0,3,1,6,2,611,0,171000
448,10552,5,5,1959,1959,1398,1700,0,1700,1,4,1,6,1,447,0,165500
449,9135,6,5,2003,2003,1682,1700,0,1700,0,3,1,7,0,544,192,200000
450,10615,3,5,1900,1970,978,1014,685,1699,0,3,2,7,0,420,0,95000
451,13286,9,5,2007,2008,1698,1698,0,1698,0,3,1,8,1,768,327,320000
452,13673,5,5,1962,1962,1140,1696,0,1696,1,3,1,8,1,349,0,143900
453,10084,8,5,2004,2005,1686,1694,0,1694,0,3,1,7,1,636,255,307000
454,12030,8,5,2007,2007,1694,1694,0,1694,0,3,1,7,0,818,168,318000
455,8400,6,5,1925,1950,1181,1390,304,1694,0,4,1,7,1,576,342,136500
456,10475,8,5,2008,2008,1694,1694,0,1694,0,3,1,7,0,776,160,245350
457,13159,7,5,2009,2009,846,846,846,1692,1,3,1,6,0,650,208,224500
458,5000,5,6,1924,1950,1026,1026,665,1691,0,3,1,6,1,308,0,127000
459,8063,6,5,2000,2000,924,948,742,1690,1,3,1,7,1,463,100,181000
460,8850,7,6,1916,1950,815,815,875,1690,0,3,1,7,1,225,0,144000
461,9855,6,5,1956,1956,1436,1689,0,1689,0,3,1,7,1,480,0,127500
462,13265,8,5,2002,2002,1568,1689,0,1689,0,3,1,7,2,857,150,271000
463,9849,7,6,2007,2007,1689,1689,0,1689,0,3,1,7,0,954,0,248328
464,12798,6,5,1997,1997,616,616,1072,1688,1,4,1,8,0,603,403,200000
465,57200,5,5,1948,1950,747,1687,0,1687,0,3,1,7,2,572,0,160000
466,10240,6,6,1980,1980,1686,1686,0,1686,0,3,1,7,1,612,384,207500
467,8849,9,5,2005,2005,1684,1684,0,1684,0,2,1,6,1,564,495,266000
468,11184,6,5,1978,1978,918,918,765,1683,1,3,1,7,1,440,243,172500
469,10400,7,6,1970,1970,1304,1682,0,1682,0,3,1,7,1,530,98,174000
470,8750,6,5,1998,1998,804,804,878,1682,1,3,1,7,0,523,0,200500
471,15576,6,7,1915,1976,840,840,840,1680,0,4,1,8,0,308,0,177000
472,10140,7,5,1998,1999,1650,1680,0,1680,0,3,1,7,1,583,78,213250
473,21695,6,9,1988,2007,880,1680,0,1680,0,3,1,5,1,540,292,222000
474,11500,5,6,1976,1976,1680,1680,0,1680,0,4,2,8,0,528,0,136905
475,8125,6,5,1994,1998,1408,1679,0,1679,0,3,1,7,1,575,224,193500
476,24682,6,5,1999,1999,841,892,783,1675,1,3,1,7,1,502,0,181000
477,21780,6,7,1918,1950,1163,1163,511,1674,0,4,1,8,1,396,72,185000
478,7500,7,5,2000,2000,814,814,860,1674,1,3,1,7,0,663,0,216000
479,10852,6,5,2000,2000,959,959,712,1671,1,3,1,7,1,472,0,173000
480,14859,7,5,2006,2006,1670,1670,0,1670,0,3,1,7,1,690,144,240000
481,11317,7,5,2003,2003,840,840,828,1668,1,3,1,8,0,500,144,180000
482,11248,9,5,2002,2002,1626,1668,0,1668,0,3,1,7,1,702,257,285000
483,10635,8,5,2003,2003,1657,1668,0,1668,0,3,1,8,1,502,0,232000
484,9600,6,8,1950,2005,856,1112,556,1668,1,3,1,6,0,271,0,140000
485,5100,8,7,1925,1996,588,833,833,1666,0,3,1,7,1,228,192,161000
486,8125,7,6,2007,2007,813,822,843,1665,1,3,1,7,0,562,0,205950
487,8400,8,6,2001,2001,810,810,855,1665,1,3,1,6,0,528,0,227000
488,8121,6,5,2000,2000,953,953,711,1664,1,3,1,7,1,460,100,172400
489,5000,6,7,1947,1950,1004,1004,660,1664,0,3,1,7,2,420,0,159000
490,9825,5,5,1965,1965,0,1664,0,1664,0,4,2,8,0,0,0,100000
491,10140,7,5,1976,1976,832,832,832,1664,1,4,1,8,1,528,0,162900
492,53227,4,6,1954,1994,1364,1663,0,1663,0,2,1,6,2,529,224,256000
493,10667,7,6,1996,1996,799,827,834,1661,1,3,1,6,1,550,158,212000
494,12137,7,5,1998,1998,1649,1661,0,1661,0,3,1,6,0,598,0,224900
495,9600,6,6,1955,1996,992,1661,0,1661,0,3,1,8,1,377,0,165500
496,11988,6,7,1934,1995,715,849,811,1660,1,3,1,6,1,240,0,188700
497,8935,7,5,2002,2002,831,831,829,1660,1,3,1,7,0,493,144,195000
498,10182,8,5,2006,2006,1660,1660,0,1660,0,3,1,8,1,500,322,290000
499,5664,8,5,2000,2000,1501,1659,0,1659,0,2,1,5,1,499,212,278000
500,8000,6,5,1995,1996,773,773,885,1658,1,3,1,8,1,431,224,188000
501,12155,6,3,1970,1970,1657,1657,0,1657,0,3,1,7,1,484,0,163500
502,11096,8,5,2006,2006,1656,1656,0,1656,0,3,1,7,0,826,0,249700
503,31770,6,5,1960,1960,1080,1656,0,1656,0,3,1,7,2,528,210,215000
504,10410,5,7,1916,1987,660,808,704,1656,1,3,1,8,0,180,0,135000
505,6931,7,5,2003,2004,746,760,896,1656,1,3,1,7,1,397,178,165400
506,9246,5,5,1973,1973,1656,1656,0,1656,0,4,2,8,0,506,0,135000
507,8125,7,5,2002,2002,1654,1654,0,1654,0,3,1,6,0,900,0,230000
508,5330,8,5,2000,2000,1494,1652,0,1652,0,2,1,6,0,499,96,251000
509,10800,5,6,1915,1950,686,966,686,1652,0,4,1,7,0,416,0,139000
510,5587,8,5,2008,2008,1600,1652,0,1652,0,2,1,5,1,482,162,392500
511,13173,9,5,2006,2007,1652,1652,0,1652,0,2,1,6,2,840,404,325000
512,12416,6,5,1986,1986,1606,1651,0,1651,0,3,1,7,1,616,192,184000
513,6858,6,4,1915,1950,806,841,806,1647,1,4,1,6,0,216,0,128000
514,12984,5,6,1977,1977,1430,1647,0,1647,0,3,1,7,1,621,0,217500
515,7917,6,5,1999,2000,953,953,694,1647,1,3,1,7,1,460,0,175000
516,7128,7,5,1941,1950,918,918,728,1646,0,4,1,7,2,240,0,164000
517,10656,8,5,2006,2007,1638,1646,0,1646,0,3,1,6,1,870,192,248900
518,9520,8,5,2007,2008,1638,1646,0,1646,0,3,1,7,1,800,192,293077
519,3842,8,5,2004,2005,1594,1646,0,1646,0,2,1,5,1,482,128,275000
520,9600,6,5,1953,1953,1416,1644,0,1644,0,3,1,7,2,418,110,167000
521,12800,7,5,1989,1989,1518,1644,0,1644,0,2,1,5,1,569,80,275000
522,9480,5,7,1942,1995,728,888,756,1644,1,3,1,7,2,312,168,146500
523,9600,7,7,1925,1990,728,832,809,1641,1,3,1,6,1,546,0,178000
524,8366,6,5,2004,2004,798,798,842,1640,1,3,1,6,0,520,138,173000
525,7226,7,5,2003,2003,798,798,842,1640,1,3,1,6,0,595,0,183000
526,14778,6,7,1954,2006,1296,1640,0,1640,0,3,1,7,1,924,108,224000
527,10480,6,5,1936,1950,1064,1166,0,1639,0,3,1,6,0,240,0,115000
528,9042,6,5,1998,1998,943,943,695,1638,1,3,1,7,2,472,100,192000
529,13501,8,5,2006,2006,1623,1636,0,1636,0,3,1,8,1,865,0,255000
530,8737,6,7,1923,1950,1065,915,720,1635,1,3,1,6,1,440,0,210000
531,5310,6,8,1910,2003,485,1001,634,1635,0,2,1,5,0,255,394,117000
532,11428,8,5,2006,2006,1626,1634,0,1634,0,3,1,7,1,866,0,250000
533,9600,6,6,1958,1988,1240,1632,0,1632,0,3,1,6,1,338,289,139000
534,25000,5,4,1967,1967,1632,1632,0,1632,0,4,2,8,0,576,0,143000
535,9130,6,8,1966,2000,800,800,832,1632,1,4,1,7,0,484,0,173000
536,9084,7,5,1998,1998,935,955,677,1632,1,3,1,8,1,462,0,176500
537,9750,7,5,2000,2001,1630,1630,0,1630,0,3,1,6,1,451,74,213000
538,10226,8,5,2008,2008,1622,1630,0,1630,0,3,1,8,1,860,172,295493
539,10655,8,5,2003,2004,3206,1629,0,1629,0,3,1,7,1,880,0,284000
540,14536,8,5,2002,2003,1616,1629,0,1629,0,3,1,9,1,808,0,270000
541,2448,7,5,2003,2004,764,764,862,1626,1,2,1,6,0,474,0,154000
542,2268,7,5,2003,2004,764,764,862,1626,0,2,1,6,0,474,0,173000
543,2628,7,5,2003,2003,764,764,862,1626,1,2,1,6,0,474,0,175500
544,4750,8,5,2006,2007,1573,1625,0,1625,0,2,1,5,1,538,123,235000
545,12461,8,5,1994,1995,1624,1624,0,1624,0,2,1,5,1,757,0,262000
546,32463,4,4,1961,1975,1249,1622,0,1622,0,3,1,7,1,1356,439,168000
547,14145,7,7,1984,1998,1208,1621,0,1621,0,3,1,8,0,440,108,202500
548,9991,4,4,1976,1993,1281,1620,0,1620,0,3,1,8,1,490,120,150000
549,10793,5,5,1969,1969,780,780,840,1620,1,4,1,7,0,462,208,152000
550,12898,9,5,2007,2008,1620,1620,0,1620,0,2,1,6,1,912,228,315500
551,8012,6,5,1993,1994,1604,1617,0,1617,0,2,1,5,1,533,0,193000
552,5400,6,7,1926,2004,1149,1149,467,1616,0,3,1,5,0,216,0,152000
553,5389,8,5,1995,1996,1595,1616,0,1616,0,2,1,5,1,608,237,236500
554,8688,7,5,2005,2005,1616,1616,0,1616,0,3,1,7,0,834,208,232000
555,11210,7,5,2005,2006,1614,1614,0,1614,0,3,1,7,0,865,144,221500
556,9760,6,6,1964,1964,780,798,813,1611,1,4,1,7,0,442,328,167900
557,10603,6,7,1977,2001,1610,1610,0,1610,0,3,1,6,2,480,168,205000
558,6171,6,6,1925,1990,976,1160,448,1608,1,3,1,7,1,216,147,137450
559,5790,3,6,1915,1950,840,840,765,1605,0,3,2,8,0,379,0,107400
560,8814,7,5,2006,2006,1604,1604,0,1604,1,3,1,8,1,660,123,220000
561,10839,6,5,1997,1998,926,926,678,1604,1,3,1,7,1,470,0,181000
562,10998,5,5,1941,1960,984,984,620,1604,0,3,1,6,0,660,0,117000
563,7153,6,5,1992,1992,761,810,793,1603,1,3,1,7,0,484,0,175900
564,16635,6,7,1977,2000,1602,1602,0,1602,0,3,1,8,1,529,240,215000
565,11423,8,5,2001,2002,1581,1601,0,1601,0,3,1,6,1,670,180,272000
566,11880,7,5,1978,1978,1271,1601,0,1601,0,3,1,7,1,478,0,157000
567,13825,5,6,1958,1987,533,1021,580,1601,0,3,1,6,0,300,280,140000
568,14230,8,5,2007,2007,1566,1600,0,1600,0,3,1,7,1,890,0,256300
569,16321,5,6,1957,1997,1484,1600,0,1600,0,2,1,6,2,319,288,207500
570,8773,6,5,1997,1997,916,916,684,1600,1,3,1,7,1,460,100,169000
571,8400,6,5,1940,2000,940,1192,403,1595,0,2,1,6,2,240,0,140000
572,4923,8,5,2001,2002,1593,1593,0,1593,1,0,1,5,1,682,0,286000
573,9636,6,5,1992,1993,808,808,785,1593,1,3,1,7,1,389,342,178000
574,7415,6,5,2004,2004,839,864,729,1593,1,3,1,8,1,398,100,193000
575,9000,8,5,2008,2008,768,786,804,1590,1,3,1,6,0,676,0,210000
576,10264,7,5,1999,1999,1588,1588,0,1588,0,3,1,6,0,472,158,214000
577,17120,4,4,1959,1959,0,1120,468,1588,0,4,1,7,1,680,0,134432
578,10000,8,5,2006,2006,1588,1588,0,1588,0,3,1,7,1,825,144,227000
579,17043,6,5,1979,1998,1362,1586,0,1586,0,3,1,7,1,435,192,181000
580,8944,5,5,1967,1967,1584,1584,0,1584,0,4,2,8,0,792,0,124000
581,8320,7,5,2004,2004,770,770,812,1582,1,3,1,6,0,520,0,185900
582,36500,5,5,1964,1964,1624,1582,0,1582,0,4,1,7,0,390,168,190000
583,11932,8,5,2007,2008,1580,1580,0,1580,0,3,1,7,0,830,0,235128
584,9490,6,7,1941,1950,806,958,620,1578,0,3,1,5,2,240,0,133000
585,9262,8,5,2008,2009,1573,1578,0,1578,0,3,1,7,1,840,0,287090
586,6435,6,5,1939,1950,972,972,605,1577,0,3,1,6,1,312,0,140200
587,21384,5,6,1923,2004,1324,1072,504,1576,1,3,1,6,1,528,0,223500
588,8125,7,5,2006,2006,770,778,798,1576,1,3,1,6,0,614,0,197000
589,6240,5,6,1928,1950,1042,1042,534,1576,0,3,1,8,1,225,0,149000
590,8012,6,5,1992,1992,1575,1575,0,1575,0,2,1,5,0,529,0,179200
591,18800,6,5,1976,1976,796,790,784,1574,1,3,1,6,1,566,306,190000
592,11957,8,5,2006,2006,1574,1574,0,1574,0,3,1,7,1,824,144,232000
593,6240,5,7,1930,1992,1078,1128,445,1573,0,3,1,8,1,360,0,162900
594,6120,4,7,1935,1995,884,989,584,1573,0,3,1,6,0,240,0,133000
595,9808,7,5,2002,2002,1573,1573,0,1573,0,3,1,6,0,544,0,227000
596,2117,6,5,2000,2000,756,769,804,1573,1,3,1,5,0,440,0,177500
597,10364,6,5,1995,1996,806,806,766,1572,1,3,1,7,1,373,0,168000
598,35133,5,4,1963,1963,1572,1572,0,1572,1,3,1,5,2,995,0,186700
599,7837,6,7,1993,1994,799,799,772,1571,1,3,1,7,1,380,0,178000
600,10991,8,5,2007,2007,1571,1571,0,1571,0,3,1,7,1,722,100,239000
601,3635,7,5,2007,2007,1386,1569,0,1569,0,1,1,7,1,660,143,175900
602,3982,8,5,2006,2006,1520,1567,0,1567,0,1,1,7,1,648,312,264561
603,9819,6,5,1977,1977,1567,1567,0,1567,0,2,1,5,2,714,264,196000
604,9000,8,5,2008,2008,1566,1566,0,1566,0,3,1,7,0,750,144,262500
605,8400,6,6,1980,1981,650,888,676,1564,1,3,1,7,1,476,0,171000
606,12000,7,7,1941,1950,704,860,704,1564,1,3,1,7,1,234,0,174500
607,10206,8,5,2007,2007,1563,1563,0,1563,0,3,1,6,1,758,144,245000
608,7313,9,5,2005,2005,1561,1561,0,1561,0,2,1,6,1,556,203,277500
609,11911,6,5,2005,2005,684,684,876,1560,1,3,1,6,1,400,100,174000
610,9196,7,5,2003,2003,1560,1560,0,1560,0,3,1,7,0,573,100,201000
611,8100,5,6,1948,1973,1559,1559,0,1559,0,2,1,5,0,812,0,153500
612,13710,5,5,1950,1950,910,910,648,1558,1,4,1,6,0,282,289,152000
613,10930,5,6,1945,1950,913,1048,510,1558,1,3,1,6,1,288,0,140000
614,3196,7,5,2003,2004,1374,1557,0,1557,0,2,1,7,1,420,143,234000
615,1950,6,6,1980,1980,716,716,840,1556,1,3,1,6,1,452,161,151000
616,11700,6,6,1968,1968,727,829,727,1556,1,4,1,8,0,441,0,154000
617,3182,7,5,2005,2006,1373,1555,0,1555,0,2,1,7,1,430,143,192500
618,3684,7,5,2007,2007,1373,1555,0,1555,0,2,1,7,1,660,143,174000
619,4590,8,5,2006,2006,1554,1554,0,1554,0,2,1,6,1,627,156,209500
620,8125,7,5,2005,2006,756,756,797,1553,1,3,1,6,0,615,0,186500
621,11475,6,6,1975,1975,713,811,741,1552,1,3,1,6,1,434,209,179900
622,10084,7,5,2005,2006,1552,1552,0,1552,0,3,1,7,0,782,144,212900
623,8125,7,5,2006,2007,1092,1112,438,1550,0,2,1,7,0,438,0,241000
624,7264,7,7,1925,2007,952,952,596,1548,1,3,1,5,0,672,74,205000
625,2308,6,6,1976,1976,804,804,744,1548,1,3,1,7,1,440,48,155000
626,8640,7,5,2009,2009,756,764,783,1547,1,3,1,7,0,614,169,215200
627,12182,7,5,2005,2005,1541,1541,0,1541,0,3,1,7,1,532,0,220000
628,13704,7,5,2001,2002,1541,1541,0,1541,0,3,1,6,1,843,468,205000
629,6120,5,6,1936,1950,927,1067,472,1539,1,3,1,5,0,576,112,141500
630,10440,5,8,1904,2002,650,958,581,1539,0,3,1,8,1,686,70,157500
631,8400,6,9,1962,2005,1319,1537,0,1537,1,3,1,7,1,462,0,174000
632,9135,7,5,2002,2003,1536,1536,0,1536,0,3,1,7,0,532,192,214000
633,7018,5,5,1979,1979,0,1535,0,1535,0,4,2,8,0,410,0,118964
634,10171,7,5,2004,2004,1517,1535,0,1535,0,3,1,7,0,532,0,214000
635,7018,5,5,1979,1979,0,1535,0,1535,0,4,2,8,0,400,0,118858
636,70761,7,5,1975,1975,1533,1533,0,1533,0,2,1,5,2,576,200,280000
637,14572,7,5,2004,2004,1530,1530,0,1530,0,3,1,7,1,630,144,259000
638,16158,7,5,2005,2005,1530,1530,0,1530,0,3,1,7,1,430,168,260000
639,8405,4,3,1945,1950,0,1088,441,1529,0,4,1,9,0,240,92,98000
640,8470,3,2,1915,1982,1013,1013,0,1526,0,2,1,6,0,0,0,85000
641,8562,5,6,1957,2002,1216,1526,0,1526,0,4,1,7,1,364,116,144500
642,2117,6,5,2000,2000,756,769,756,1525,1,3,1,5,1,440,0,177000
643,9100,7,5,2000,2000,1525,1525,0,1525,0,3,1,6,0,541,219,235000
644,11344,5,5,1958,1958,874,874,650,1524,1,3,1,7,0,315,0,144000
645,23595,7,6,1979,1979,1332,1332,192,1524,1,0,1,4,1,586,268,260000
646,11361,6,5,1976,1976,1193,1523,0,1523,0,3,1,7,1,478,0,180000
647,6000,5,5,1926,1950,1008,1008,0,1522,0,4,1,7,0,0,0,102000
648,9600,6,6,1955,1972,1156,1520,0,1520,0,3,1,7,2,364,0,153000
649,4500,5,5,1932,2000,793,848,672,1520,0,3,1,6,0,281,0,159434
650,12677,8,5,2003,2004,1518,1518,0,1518,1,1,1,6,1,588,185,274000
651,8500,5,7,1919,2005,793,997,520,1517,0,3,1,7,0,0,0,115000
652,11435,8,7,1929,1950,792,792,725,1517,0,3,1,7,2,400,0,230000
653,10004,6,6,1964,1964,1516,1516,0,1516,1,3,1,6,0,472,0,167000
654,6120,5,8,1920,2004,939,939,574,1513,1,4,1,8,0,180,24,137500
655,2117,6,5,2000,2000,756,756,756,1512,1,2,1,4,1,440,0,168500
656,11207,6,5,1997,1997,802,802,709,1511,1,3,1,8,1,413,95,185000
657,9084,4,5,1940,1950,755,755,755,1510,0,4,1,7,1,296,120,108000
658,10200,6,5,1988,1989,1461,1509,0,1509,0,3,1,5,1,600,224,175000
659,7861,6,5,2002,2003,783,807,702,1509,1,3,1,7,1,393,100,183200
660,7875,7,5,2003,2003,783,807,702,1509,1,3,1,8,1,393,0,180000
661,7910,5,5,1960,1960,1075,1507,0,1507,0,4,1,7,0,404,0,127000
662,14587,9,5,2008,2008,1498,1506,0,1506,0,2,1,6,1,592,0,264132
663,3013,7,5,2005,2005,1362,1506,0,1506,0,2,1,6,1,440,142,213490
664,9144,5,5,1940,1982,883,988,517,1505,0,3,1,8,0,240,0,145000
665,12160,6,4,1953,1953,1505,1505,0,1505,0,2,1,6,1,505,0,149500
666,3182,7,5,2005,2006,1346,1504,0,1504,0,1,1,7,1,457,156,181000
667,11883,7,5,1996,1996,1504,1504,0,1504,0,3,1,6,1,478,115,203000
668,3182,7,5,2005,2006,1346,1504,0,1504,0,2,1,7,1,437,156,191000
669,6820,8,5,1985,1985,1488,1502,0,1502,1,1,1,4,0,528,0,212000
670,7200,7,6,1931,2000,776,851,651,1502,1,3,1,6,1,270,0,149000
671,10592,6,7,1923,1996,602,900,602,1502,1,3,1,7,2,180,96,165000
672,9541,7,5,2009,2009,1502,1502,0,1502,0,3,1,7,0,644,0,233170
673,10335,7,5,1999,1999,1490,1501,0,1501,0,3,1,6,0,577,144,204000
674,7685,6,5,1993,1994,697,697,804,1501,1,3,1,6,1,420,190,165600
675,2280,7,5,1999,1999,744,757,744,1501,1,3,1,6,0,440,0,179400
676,8487,7,5,2004,2004,1500,1500,0,1500,0,3,1,6,0,570,192,190000
677,8846,6,5,2005,2006,750,750,750,1500,1,3,1,6,0,564,0,173900
678,4045,7,5,2006,2006,1356,1500,0,1500,0,2,1,6,1,648,161,246578
679,8990,7,5,2006,2006,1498,1498,0,1498,0,2,1,5,0,675,351,204900
680,13031,6,5,1995,1996,691,691,807,1498,1,3,1,6,1,409,315,187500
681,17104,7,5,2006,2006,654,664,832,1496,1,3,1,7,1,426,100,179665
682,9158,8,5,2007,2007,1496,1496,0,1496,0,3,1,7,0,474,168,225000
683,10652,7,5,2006,2007,1494,1494,0,1494,0,3,1,7,1,840,160,279500
684,12803,7,5,2002,2002,1494,1494,0,1494,0,3,1,6,1,530,192,221000
685,9236,6,5,1997,1997,1479,1494,0,1494,0,3,1,6,0,576,168,217000
686,9549,8,5,1995,1996,1494,1494,0,1494,1,2,1,6,1,481,0,270000
687,7500,6,7,1942,1950,771,753,741,1494,0,3,1,7,2,213,0,177500
688,16196,7,5,1998,1998,1482,1494,0,1494,0,3,1,5,1,514,402,215000
689,13125,6,5,1997,1998,1478,1493,0,1493,0,3,1,7,1,508,140,208900
690,15384,7,5,2004,2005,788,788,702,1490,1,3,1,8,1,388,100,184000
691,9900,6,7,1940,1950,778,944,545,1489,0,3,1,7,1,240,335,139500
692,11216,8,5,2006,2006,1489,1489,0,1489,0,3,1,7,1,776,0,232600
693,9156,6,7,1968,1968,1489,1489,0,1489,0,3,1,7,1,462,0,185750
694,8741,6,4,1945,1950,735,798,689,1487,1,3,1,7,1,220,0,113000
695,9937,5,7,1964,1999,1486,1486,0,1486,0,3,1,7,0,480,0,167000
696,12243,5,6,1971,1971,1484,1484,0,1484,0,3,1,7,1,487,224,175000
697,8400,7,5,2004,2005,1473,1484,0,1484,0,3,1,7,0,606,0,213000
698,6300,6,6,1914,2001,742,742,742,1484,0,3,1,9,1,0,0,128000
699,12589,6,5,2005,2005,742,742,742,1484,1,3,1,8,1,390,36,174000
700,10237,6,5,2005,2007,783,783,701,1484,1,3,1,8,1,393,0,178900
701,9037,8,5,2006,2006,1476,1484,0,1484,0,2,1,6,1,472,120,265900
702,12155,6,8,1925,1950,672,810,672,1482,0,4,1,7,0,400,0,140000
703,9125,7,5,1992,1992,384,812,670,1482,1,3,1,7,1,392,100,163900
704,9000,7,9,1920,1988,650,832,650,1482,0,3,1,7,0,324,0,143000
705,8125,6,5,1994,1995,702,702,779,1481,1,3,1,6,1,343,0,174000
706,10665,7,5,2003,2003,1453,1479,0,1479,0,3,1,7,0,558,144,226000
707,7472,7,9,1972,2004,725,725,754,1479,1,4,1,7,0,484,0,184000
708,9382,7,5,1999,2000,1468,1479,0,1479,0,3,1,6,0,577,120,191000
709,13517,6,8,1976,2005,725,725,754,1479,1,3,1,6,0,475,0,130500
710,17600,6,5,1960,1960,1478,1478,0,1478,0,3,1,6,2,498,0,157500
711,4403,7,5,2009,2009,1470,1478,0,1478,1,2,1,7,1,484,0,222000
712,8400,6,3,1957,1957,1478,1478,0,1478,1,3,1,6,2,442,114,156500
713,6292,7,7,1928,1950,861,877,600,1477,0,3,1,6,1,216,0,145000
714,8633,6,5,2005,2005,738,738,738,1476,1,3,1,7,0,540,100,173500
715,2665,5,6,1977,1977,757,925,550,1475,0,4,1,6,1,336,104,127000
716,8530,7,5,1995,1996,384,804,670,1474,1,3,1,7,1,400,120,168500
717,25095,5,8,1968,2003,1437,1473,0,1473,0,1,1,5,2,452,0,143000
718,14115,7,5,1980,1980,1372,1472,0,1472,0,3,1,6,2,588,233,187500
719,10784,7,5,1991,1992,384,802,670,1472,1,3,1,7,1,402,164,160000
720,9600,5,8,1925,1994,702,842,630,1472,0,3,1,6,0,250,0,125000
721,3230,6,5,1999,1999,729,742,729,1471,1,3,1,6,0,440,0,172500
722,13869,6,6,1997,1997,794,794,676,1470,0,3,1,6,0,388,0,177000
723,9765,6,8,1993,1993,680,680,790,1470,1,3,1,6,1,420,232,185000
724,8172,4,6,1954,1972,941,997,473,1470,0,4,1,7,0,548,0,135000
725,10320,6,7,1906,1995,756,756,713,1469,0,3,1,7,0,216,57,135000
726,9612,8,5,2008,2009,1468,1468,0,1468,0,3,1,6,1,898,210,244600
727,8925,8,5,2007,2007,1466,1466,0,1466,0,3,1,7,0,610,100,201000
728,10800,5,8,1936,1989,796,1096,370,1466,0,3,1,7,1,566,436,170000
729,17755,5,4,1959,1959,1466,1466,0,1466,1,3,1,6,2,528,0,149900
730,12886,5,6,1963,1999,520,1464,0,1464,0,3,1,6,1,480,302,175000
731,15256,8,5,2007,2007,1485,1464,0,1464,0,3,1,6,0,754,168,282922
732,8749,7,5,2002,2002,1459,1459,0,1459,0,3,1,6,1,527,192,192000
733,3230,6,5,1999,1999,729,729,729,1458,1,2,1,5,1,440,0,176000
734,17503,6,5,1948,1950,912,912,546,1458,0,3,1,6,1,330,192,97500
735,8461,6,5,2005,2006,728,728,728,1456,1,3,1,8,1,390,0,163990
736,2280,6,6,1976,1976,855,855,601,1456,1,3,1,7,1,440,87,148500
737,15578,6,5,2006,2006,728,728,728,1456,1,3,1,8,0,429,0,172785
738,9018,7,5,2007,2007,728,728,728,1456,1,3,1,8,1,400,100,179540
739,8199,7,5,2005,2005,728,728,728,1456,1,3,1,7,1,410,36,189000
740,3196,8,5,2003,2003,1273,1456,0,1456,0,2,1,7,1,400,143,215000
741,7585,5,3,1948,1950,810,1002,454,1456,0,4,1,7,1,280,0,91500
742,2280,6,5,1978,1978,855,855,601,1456,1,3,1,7,1,440,26,146000
743,8029,6,5,2005,2005,728,728,728,1456,1,3,1,8,0,400,100,176000
744,11103,7,5,2006,2006,728,728,728,1456,1,3,1,8,1,440,0,155835
745,5271,7,5,1986,1986,1453,1453,0,1453,1,2,1,6,1,445,0,190000
746,4456,4,5,1920,2008,736,736,716,1452,0,2,3,8,0,0,0,113000
747,3735,7,5,1999,1999,691,713,739,1452,1,3,1,6,0,506,0,183900
748,21872,7,5,1996,1997,729,729,717,1446,1,3,1,6,1,406,264,175000
749,12095,6,6,1964,1964,1127,1445,0,1445,1,3,1,7,1,645,180,158000
750,11851,7,5,1990,1990,1424,1442,0,1442,0,3,1,5,0,500,0,180500
751,9750,6,6,1958,1958,1442,1442,0,1442,1,4,1,7,0,301,0,157900
752,11717,6,6,1970,1970,1442,1442,0,1442,0,2,1,6,1,615,371,185000
753,10357,7,5,1990,1991,910,1442,0,1442,0,3,1,6,1,719,0,179900
754,2289,6,6,1978,1978,855,855,586,1441,1,3,1,7,1,440,28,148500
755,2645,8,5,1999,2000,776,764,677,1441,1,2,1,5,0,492,206,174000
756,5000,5,4,1900,1950,540,889,551,1440,0,3,1,6,0,352,0,79000
757,12108,4,4,1955,1955,1440,1440,0,1440,0,4,2,8,0,0,0,118000
758,7711,4,3,1977,1977,1440,1440,0,1440,0,4,2,8,0,0,321,150000
759,12546,6,7,1981,1981,1440,1440,0,1440,0,3,1,7,1,467,0,182900
760,14175,5,6,1956,1987,1188,1437,0,1437,1,3,1,6,1,576,304,168000
761,10768,5,8,1976,2004,1437,1437,0,1437,0,3,1,6,1,528,0,218000
762,8450,7,5,2004,2004,1436,1436,0,1436,0,3,1,8,0,484,139,210000
763,8529,7,5,2001,2001,1454,1434,0,1434,0,3,1,6,1,527,290,189000
764,7795,7,5,2004,2005,716,716,716,1432,1,3,1,6,1,432,100,188500
765,9600,5,7,1910,2002,264,768,664,1432,0,2,1,7,0,360,270,132000
766,16157,5,7,1978,1978,1360,1432,0,1432,1,2,1,5,1,588,168,194000
767,9017,7,5,1999,1999,1431,1431,0,1431,0,3,1,6,0,666,0,192000
768,9150,6,5,1962,1962,1099,1431,0,1431,0,3,1,6,1,296,64,165000
769,7750,7,5,2000,2000,384,774,656,1430,1,3,1,7,1,400,180,180000
770,9967,7,5,2000,2000,384,774,656,1430,1,3,1,8,1,400,100,170000
771,16285,7,5,2001,2002,1413,1430,0,1430,0,3,1,6,0,605,0,187100
772,14585,6,6,1960,1987,1144,1429,0,1429,0,3,1,7,2,572,216,181900
773,12274,7,5,2008,2008,1417,1428,0,1428,0,3,1,6,0,554,0,227680
774,11639,7,5,2007,2008,1428,1428,0,1428,0,3,1,6,0,480,0,182000
775,7642,7,8,1918,1998,912,912,514,1426,1,3,1,7,1,216,0,189950
776,7950,6,6,1977,1977,690,698,728,1426,1,3,1,6,0,440,252,159500
777,10175,6,5,1964,1964,1425,1425,0,1425,0,3,1,7,1,576,0,180500
778,12090,6,6,1981,1981,1422,1422,0,1422,0,3,1,7,1,576,276,175500
779,12342,5,5,1960,1978,978,1422,0,1422,0,3,1,6,1,286,0,139900
780,8500,7,5,2004,2004,1422,1422,0,1422,0,3,1,7,0,626,192,179600
781,8089,8,6,2007,2007,1419,1419,0,1419,0,2,1,7,1,567,140,392000
782,7750,8,5,2002,2002,408,779,640,1419,1,3,1,7,1,527,120,184100
783,12665,5,8,1915,1950,876,876,540,1416,1,4,1,7,1,720,418,153900
784,2572,7,5,1999,1999,696,696,720,1416,1,3,1,6,0,484,0,155000
785,25339,5,7,1918,2007,816,1416,0,1416,0,3,1,7,0,576,0,112000
786,11700,6,6,1968,1968,708,708,708,1416,1,3,1,7,1,776,0,179900
787,8773,7,5,2004,2004,1414,1414,0,1414,0,3,1,6,0,494,132,185500
788,3072,7,5,2004,2004,1375,1414,0,1414,0,2,1,6,1,398,144,178740
789,9056,8,5,2004,2004,707,707,707,1414,1,3,1,6,1,403,100,178000
790,11029,6,8,1958,2002,1184,1414,0,1414,0,3,1,6,1,601,0,176500
791,11457,6,5,1988,1988,1392,1412,0,1412,0,3,1,6,1,576,0,175000
792,6000,6,6,1939,1950,780,825,587,1412,0,4,1,6,1,280,45,132500
793,8499,6,5,2006,2007,616,616,796,1412,1,3,1,6,1,432,0,156932
794,11900,7,5,1977,1977,1386,1411,0,1411,0,3,1,6,1,544,192,82500
795,7920,6,7,1920,1950,319,1035,371,1406,0,3,1,6,0,0,0,89500
796,3136,7,5,2003,2003,1405,1405,0,1405,0,2,1,6,1,478,148,171750
797,3922,7,5,2006,2007,1258,1402,0,1402,2,2,1,7,1,648,120,194201
798,7844,6,7,1978,1978,672,672,728,1400,1,3,1,6,1,440,0,149500
799,8730,6,7,1915,2003,698,698,698,1396,0,3,1,7,0,384,0,153575
800,12936,6,6,1972,1972,723,735,660,1395,1,3,1,6,1,497,294,162000
801,9500,6,5,1963,1963,1394,1394,0,1394,1,3,1,6,2,514,0,159000
802,9735,5,5,2006,2007,384,754,640,1394,1,3,1,7,0,400,100,167500
803,16466,5,7,1955,1955,816,872,521,1393,1,3,1,8,0,300,121,135500
804,10900,6,7,1977,1977,689,689,703,1392,1,3,1,6,0,299,0,161750
805,11341,5,6,1957,1996,1392,1392,0,1392,1,3,1,5,1,528,0,121500
806,3604,7,5,2007,2007,689,703,689,1392,0,2,1,5,0,540,0,146000
807,13560,6,3,1968,1968,1392,1392,0,1392,0,2,1,5,2,576,0,110000
808,11900,6,5,1957,1957,1392,1392,0,1392,1,3,1,6,2,458,0,166000
809,4282,7,5,2004,2004,1391,1391,0,1391,0,2,1,5,0,530,156,196000
810,3378,7,8,1946,1992,651,707,682,1389,1,3,1,6,2,240,0,135000
811,10010,5,5,1974,1975,1389,1389,0,1389,0,2,1,6,1,418,240,170000
812,6000,5,4,1954,1954,811,811,576,1387,0,3,2,7,0,256,0,93000
813,11616,6,5,1978,1978,672,672,714,1386,1,3,1,6,1,440,335,158900
814,8520,5,4,1952,1952,910,910,475,1385,0,4,1,6,0,720,0,166000
815,11600,6,5,1960,1960,1383,1383,0,1383,1,3,1,7,0,292,0,145250
816,13284,5,5,1954,1954,1383,1383,0,1383,0,3,1,6,1,354,511,165000
817,12358,5,6,1941,1950,720,854,0,1382,1,2,1,7,0,660,237,128500
818,19296,6,5,1962,1962,1362,1382,0,1382,0,3,1,6,1,884,0,176000
819,2651,7,5,2000,2000,673,673,709,1382,1,3,1,6,0,490,153,165000
820,11235,4,5,1963,1979,1051,1382,0,1382,1,3,1,6,1,459,0,148000
821,9360,6,7,1972,2006,1161,1381,0,1381,1,3,1,5,1,676,0,197500
822,9600,7,9,1928,2005,689,689,689,1378,0,3,1,7,1,360,0,161000
823,8600,6,6,1937,1950,780,780,596,1376,0,3,1,7,1,198,0,119500
824,9492,5,5,1941,1950,768,968,408,1376,0,3,1,6,1,240,0,105000
825,11310,6,5,1954,1954,1367,1375,0,1375,0,2,1,5,1,451,0,140000
826,9000,6,6,1937,1950,780,780,595,1375,1,3,1,6,1,544,0,141000
827,5400,4,6,1920,1950,840,840,534,1374,0,2,1,6,0,338,0,105000
828,8640,7,5,2007,2008,1372,1372,0,1372,0,3,1,6,0,529,0,250580
829,6442,8,5,2006,2006,1370,1370,0,1370,0,2,1,6,1,484,120,202500
830,10400,7,5,1976,1976,1090,1370,0,1370,0,3,1,6,1,479,0,152000
831,6629,6,6,1925,1950,672,697,672,1369,0,3,1,6,0,300,147,103600
832,6792,7,5,2005,2006,1368,1368,0,1368,0,2,1,6,1,474,132,202665
833,3600,6,7,1910,1993,684,684,684,1368,0,3,1,7,0,216,0,114504
834,6955,7,5,2005,2006,1368,1368,0,1368,0,2,1,6,1,474,132,202500
835,8405,5,8,1900,1950,861,961,406,1367,0,4,1,7,0,384,0,119000
836,6240,6,6,1931,1950,884,959,408,1367,0,3,1,6,1,560,0,127500
837,1920,5,5,1971,1971,765,765,600,1365,1,2,1,6,0,440,240,122500
838,2368,5,6,1970,1970,765,765,600,1365,1,3,1,7,0,440,0,125000
839,7052,7,5,2005,2005,1364,1364,0,1364,0,2,1,6,1,484,192,185850
840,39104,7,7,1954,2005,1385,1363,0,1363,0,2,1,5,2,439,81,241500
841,14559,5,7,1951,2000,1008,1363,0,1363,0,2,1,6,2,288,324,164900
842,7740,4,7,1910,1950,622,741,622,1363,0,3,1,6,0,528,0,125500
843,14115,5,5,1993,1995,796,796,566,1362,1,1,1,5,0,480,40,143000
844,10197,6,5,1961,1961,1362,1362,0,1362,1,3,1,6,1,504,0,163000
845,6155,6,8,1920,1999,611,751,611,1362,0,3,1,6,0,502,0,128000
846,7577,6,5,2005,2006,1362,1362,0,1362,0,2,1,6,1,460,192,194700
847,7134,5,5,1955,1955,384,1360,0,1360,0,3,1,6,1,572,0,130000
848,5814,8,5,1984,1984,1220,1360,0,1360,0,1,1,4,1,565,63,187500
849,7200,5,6,1938,1995,803,803,557,1360,1,2,1,6,0,297,0,125500
850,8198,7,5,2004,2004,1358,1358,0,1358,0,2,1,6,1,484,192,207000
851,6371,7,5,2009,2010,1358,1358,0,1358,0,2,1,6,1,484,192,224000
852,11512,6,7,1959,2006,1019,1357,0,1357,0,2,1,5,1,312,0,177000
853,10106,5,7,1940,1999,644,808,547,1355,0,4,2,6,0,0,140,127500
854,6882,6,7,1914,2006,684,773,582,1355,1,3,1,7,0,0,136,127000
855,6930,5,4,1958,1958,1062,1352,0,1352,0,3,1,6,0,288,168,130000
856,9364,6,7,1969,1969,663,663,689,1352,1,4,1,7,0,299,379,158000
857,4230,7,5,2006,2007,1352,1352,0,1352,0,2,1,5,1,466,0,208900
858,9020,6,5,1964,1964,1248,1350,0,1350,1,3,1,6,0,520,176,168500
859,10140,6,5,1974,1974,1064,1350,0,1350,0,3,1,7,1,478,0,165000
860,8450,7,5,2000,2001,1349,1349,0,1349,0,3,1,6,0,539,120,179000
861,7590,6,5,1966,1966,660,660,688,1348,1,3,1,6,1,453,188,155000
862,6000,5,8,1925,1997,884,884,464,1348,0,3,1,5,1,216,0,117000
863,7000,5,7,1910,1991,1117,820,527,1347,0,3,1,5,0,0,85,107500
864,11767,4,7,1910,2000,560,796,550,1346,1,2,1,6,0,384,168,112000
865,6240,5,4,1936,1950,896,896,448,1344,0,3,1,7,0,240,200,115000
866,10690,5,7,1920,1997,672,672,672,1344,0,3,1,6,0,468,0,147000
867,7060,7,5,1997,1998,1344,1344,0,1344,0,2,2,8,0,784,0,206300
868,4571,5,5,1916,1950,624,624,720,1344,0,4,1,7,0,513,0,98000
869,14375,6,6,1958,1958,819,1344,0,1344,0,3,1,7,1,525,0,137500
870,1533,4,6,1970,2008,546,798,546,1344,1,3,1,6,1,0,0,97000
871,9503,5,5,1958,1983,1024,1344,0,1344,0,2,1,6,1,484,316,144000
872,7681,5,6,1921,1950,731,820,523,1343,1,3,1,7,1,186,192,154900
873,9790,6,5,1967,1967,1372,1342,0,1342,0,3,1,7,1,457,0,161500
874,9060,5,6,1957,2006,0,1340,0,1340,0,3,1,7,1,252,116,120000
875,8899,7,5,2007,2007,1340,1340,0,1340,0,3,1,6,0,396,100,181134
876,7560,5,6,1958,1965,1029,1339,0,1339,0,3,1,6,0,294,0,139000
877,8049,7,5,1990,1990,1309,1339,0,1339,0,2,1,6,1,484,0,180000
878,4920,8,5,2001,2001,1338,1338,0,1338,0,2,1,6,0,582,0,213500
879,4500,6,5,1998,1998,1237,1337,0,1337,0,2,1,5,0,405,0,153500
880,5395,8,5,1993,1993,1337,1337,0,1337,0,2,1,5,1,462,96,180000
881,8450,7,5,2003,2003,1337,1337,0,1337,0,3,1,6,0,531,0,185000
882,4060,6,5,1998,1999,1405,1337,0,1337,0,2,1,5,0,511,144,181000
883,15750,5,5,1953,1953,1165,1336,0,1336,0,2,1,5,2,375,0,157000
884,11040,4,6,1920,1950,637,897,439,1336,1,3,1,7,0,570,0,108000
885,9650,6,5,1977,1977,1350,1334,0,1334,0,2,1,6,1,630,0,167900
886,16905,5,6,1959,1959,1350,1328,0,1328,1,2,1,5,2,308,0,170000
887,9906,4,4,1925,1950,686,810,518,1328,0,3,1,8,0,210,0,107000
888,9790,6,5,1963,1963,1328,1328,0,1328,1,3,1,6,2,528,0,143000
889,7388,5,6,1959,2002,1063,1327,0,1327,0,3,1,7,0,624,0,150750
890,8658,6,5,1965,1965,1088,1324,0,1324,0,3,1,6,1,440,0,160000
891,6240,8,5,2006,2006,1324,1324,0,1324,0,2,1,6,1,550,192,254000
892,6000,4,6,1936,1950,672,757,567,1324,0,3,1,6,0,240,0,128000
893,2308,6,5,1974,1974,855,855,467,1322,1,3,1,6,1,440,260,147000
894,11777,5,6,1966,1966,1164,1320,0,1320,0,3,1,6,2,564,160,164500
895,7750,7,5,2003,2003,660,660,660,1320,1,3,1,6,0,400,0,162000
896,10634,5,6,1953,1953,608,1319,0,1319,0,3,1,5,0,270,66,123000
897,8500,4,4,1920,1950,649,649,668,1317,0,3,1,6,0,250,0,40000
898,5500,5,7,1929,2001,926,926,0,1316,0,3,1,6,0,484,0,130000
899,10237,6,5,2005,2006,1316,1316,0,1316,0,3,1,6,1,397,100,169990
900,11175,7,5,2007,2007,1316,1316,0,1316,0,3,1,6,1,440,0,200141
901,8400,5,6,1957,1957,1314,1314,0,1314,0,3,1,5,0,294,250,145000
902,5063,7,5,2007,2008,1314,1314,0,1314,0,2,1,6,1,626,172,207500
903,9317,6,5,2006,2006,1314,1314,0,1314,0,3,1,6,1,440,0,176432
904,5001,7,5,2007,2008,1314,1314,0,1314,0,2,1,6,1,626,172,230000
905,8640,8,5,2009,2009,1300,1314,0,1314,0,3,1,6,0,552,135,229456
906,7000,6,6,1924,1950,617,865,445,1310,0,2,1,6,0,398,0,112000
907,8767,7,5,2005,2005,1310,1310,0,1310,0,3,1,6,1,400,0,164990
908,10140,6,6,1974,1999,1040,1309,0,1309,1,3,1,5,1,484,265,181000
909,9600,5,7,1940,1950,728,976,332,1308,1,2,1,7,2,256,0,160000
910,5350,3,2,1940,1966,728,1306,0,1306,0,3,1,6,0,0,263,76500
911,8712,5,7,1957,2000,992,1306,0,1306,0,2,1,5,0,756,0,153000
912,5381,6,5,2005,2005,1306,1306,0,1306,0,1,1,5,1,624,170,196000
913,2665,5,6,1976,1976,264,616,688,1304,1,3,1,4,1,336,141,115000
914,1680,5,5,1971,1971,630,630,672,1302,1,3,1,6,0,280,0,112000
915,9350,6,7,1964,1991,1302,1302,0,1302,0,3,1,7,0,309,333,158000
916,8993,7,5,2007,2007,1302,1302,0,1302,0,3,1,6,0,436,0,176485
917,2016,5,5,1970,1970,630,630,672,1302,1,3,1,6,0,440,0,106000
918,1680,5,7,1972,1972,630,630,672,1302,1,3,1,6,0,264,185,119500
919,7200,7,5,2006,2006,1293,1301,0,1301,0,2,1,5,1,572,216,187750
920,6911,5,5,1924,1950,1145,1301,0,1301,0,2,1,5,0,440,0,100000
921,11200,6,5,1985,1985,1298,1298,0,1298,0,3,1,5,1,403,165,180000
922,8532,5,6,1954,1990,1297,1297,0,1297,0,3,1,5,1,498,0,153000
923,10791,4,5,1967,1967,0,1296,0,1296,0,2,2,6,0,516,0,90000
924,6853,8,5,2001,2002,1267,1296,0,1296,0,2,1,6,0,471,192,220000
925,10800,4,7,1900,2000,0,694,600,1294,0,3,2,7,0,0,220,106250
926,7153,6,5,1991,1991,1278,1294,0,1294,0,3,1,6,0,496,112,179200
927,6762,7,5,2006,2006,1286,1294,0,1294,0,2,1,6,1,662,168,193879
928,2887,6,5,1996,1997,1291,1291,0,1291,0,2,1,6,1,431,307,173000
929,14963,8,5,1996,1996,1260,1288,0,1288,1,1,1,4,2,500,120,245500
930,9830,5,7,1959,2006,1063,1287,0,1287,0,3,1,7,1,576,364,162000
931,8635,5,5,1948,2001,672,1072,213,1285,0,2,1,6,0,240,0,127000
932,8197,6,5,1977,1977,660,1285,0,1285,1,3,1,7,1,528,138,143500
933,3500,5,7,1947,1950,720,720,564,1284,1,2,1,5,0,240,0,110000
934,7763,5,7,1962,1980,931,1283,0,1283,0,3,1,6,0,506,0,140000
935,10125,6,6,1977,1977,1196,1279,0,1279,0,3,1,6,2,473,238,171500
936,10628,7,5,1970,1970,1277,1277,0,1277,0,2,1,5,1,526,0,167000
937,9571,5,3,1958,1958,1276,1276,0,1276,0,3,1,5,0,350,0,60000
938,8814,7,5,2005,2007,1274,1274,0,1274,0,3,1,6,0,508,264,203000
939,21286,5,5,1948,1950,720,720,551,1271,0,4,1,7,1,312,0,135000
940,3182,8,5,2004,2005,1256,1269,0,1269,0,2,1,6,1,430,146,192000
941,7931,5,6,1960,1960,1269,1269,0,1269,1,3,1,6,1,308,0,155000
942,7800,5,6,1954,1954,1268,1268,0,1268,0,2,1,7,1,244,0,132000
943,12144,5,7,1949,1950,832,1036,0,1268,0,3,1,6,1,288,0,133000
944,9286,5,7,1977,1989,1268,1268,0,1268,1,3,1,5,0,252,173,143500
945,7500,7,5,2005,2005,1257,1266,0,1266,0,3,1,6,1,453,38,176000
946,3182,7,5,2007,2007,1266,1266,0,1266,0,2,1,6,1,388,100,159895
947,9350,5,8,1965,1999,1219,1265,0,1265,0,3,1,6,1,502,0,179900
948,9300,5,5,1960,1960,1268,1264,0,1264,0,3,1,6,2,461,0,167500
949,9600,6,8,1976,1976,1262,1262,0,1262,0,3,1,6,1,460,298,181500
950,7200,6,5,2006,2006,1262,1262,0,1262,0,2,1,5,0,572,0,185000
951,9120,6,6,1958,1958,1261,1261,0,1261,0,3,1,6,1,433,0,163000
952,3922,7,5,2006,2007,1258,1258,0,1258,0,2,1,6,1,648,144,172500
953,11040,6,7,1971,2004,1258,1258,0,1258,0,3,1,5,0,528,55,145000
954,12900,4,4,1969,1969,1198,1258,0,1258,2,0,2,6,0,400,120,108959
955,9060,6,5,1939,1950,560,698,560,1258,0,2,1,6,0,280,0,105000
956,9937,5,6,1965,1965,1256,1256,0,1256,1,3,1,6,0,276,736,147500
957,10920,6,5,1960,1960,1253,1253,0,1253,1,2,1,5,1,352,0,157000
958,7875,7,5,1995,1996,1237,1253,0,1253,0,3,1,6,1,402,220,176000
959,13500,6,7,1960,1975,1602,1252,0,1252,0,1,1,4,1,564,409,235000
960,7438,5,8,1908,1991,504,936,316,1252,0,3,1,5,0,576,104,127000
961,2160,7,5,1999,2000,600,624,628,1252,1,2,1,4,0,462,0,160000
962,9600,6,5,1950,1950,1032,1032,220,1252,0,3,1,6,0,288,0,119000
963,10721,6,6,1959,1959,1252,1252,0,1252,0,3,1,7,0,528,0,142000
964,8800,6,6,1964,1964,1251,1251,0,1251,0,3,1,6,2,461,0,160000
965,4251,7,5,2006,2007,625,625,625,1250,1,2,1,5,0,528,0,164700
966,8248,5,7,1918,1950,686,686,564,1250,1,3,1,7,0,280,207,116000
967,4017,7,5,2006,2007,625,625,625,1250,1,2,1,5,0,625,0,171900
968,5362,5,6,1910,2003,661,661,589,1250,0,3,1,8,1,552,242,139000
969,3010,7,5,2005,2006,1248,1248,0,1248,0,2,1,5,0,438,108,167240
970,9439,5,5,1930,1950,912,912,336,1248,0,2,1,6,0,160,0,87000
971,3316,8,5,2005,2005,1247,1247,0,1247,1,1,1,4,1,550,0,197000
972,7500,5,7,1959,1994,1246,1246,0,1246,1,3,1,6,0,305,218,154000
973,11988,6,6,1957,1957,1244,1244,0,1244,1,3,1,6,2,336,0,150000
974,9600,7,6,1973,1973,1242,1242,0,1242,1,3,1,6,1,528,0,175500
975,4274,7,5,2006,2007,1241,1241,0,1241,1,1,1,4,0,569,0,199900
976,8556,7,5,2006,2006,1240,1240,0,1240,0,2,1,5,0,826,140,194000
977,10011,5,6,1957,1996,1070,1236,0,1236,0,2,1,6,1,447,0,134450
978,6993,5,7,1961,1994,912,1236,0,1236,0,3,1,6,1,288,0,135000
979,7407,6,7,1957,1996,912,1236,0,1236,0,2,1,6,0,923,0,149700
980,8500,5,3,1961,1961,1235,1235,0,1235,0,2,1,6,0,480,0,98600
981,11049,8,5,2007,2007,1234,1234,0,1234,0,3,1,7,0,484,0,179900
982,11120,6,6,1984,1984,1232,1232,0,1232,0,3,1,6,0,516,0,162500
983,7314,7,5,2007,2007,1232,1232,0,1232,0,2,1,6,0,632,132,194500
984,10440,5,6,1910,1981,440,682,548,1230,1,2,1,5,0,440,74,110000
985,4712,4,7,1946,1950,747,774,456,1230,1,3,1,5,0,305,0,121600
986,17140,4,6,1956,1956,1134,1229,0,1229,0,3,1,6,0,284,0,135000
987,1300,6,6,1980,1980,561,561,668,1229,1,2,1,5,1,462,150,124000
988,8544,5,6,1966,2006,1228,1228,0,1228,1,3,1,6,0,271,0,149350
989,4671,8,5,1988,1989,1228,1228,0,1228,0,2,1,5,1,472,168,189000
990,10402,7,5,2009,2009,1226,1226,0,1226,0,3,1,6,0,740,0,198900
991,9320,4,5,1959,1959,950,1225,0,1225,1,3,1,6,0,0,352,128950
992,3951,6,5,2009,2009,612,612,612,1224,1,2,1,4,0,528,0,164500
993,7018,5,5,1979,1979,1086,1224,0,1224,2,2,2,6,2,528,120,153337
994,3000,6,5,2009,2009,612,612,612,1224,1,2,1,4,0,528,0,173733
995,3950,6,8,1926,2004,818,818,406,1224,0,3,1,5,0,210,0,115000
996,4500,6,5,1999,1999,1224,1224,0,1224,0,2,1,5,0,402,0,165000
997,9842,4,5,1962,1962,0,1224,0,1224,0,2,2,6,0,462,0,101800
998,2544,7,5,2005,2005,600,520,623,1223,1,2,1,4,0,480,0,147400
999,9738,5,7,1924,1950,784,949,272,1221,0,4,1,7,0,392,0,104900
1000,7500,7,5,2004,2005,1221,1221,0,1221,0,2,1,6,0,400,0,185000
1001,8877,4,5,1951,1951,836,1220,0,1220,0,2,1,6,0,396,0,102000
1002,7406,7,5,2006,2006,1199,1220,0,1220,0,2,1,6,0,632,105,194000
1003,1890,6,5,1973,1973,672,672,546,1218,1,3,1,7,0,264,144,113000
1004,7862,6,5,2009,2009,1218,1218,0,1218,0,2,1,4,0,676,0,208300
1005,1680,6,7,1972,1972,672,672,546,1218,1,3,1,7,0,264,0,118000
1006,1680,6,5,1971,1971,672,672,546,1218,1,3,1,7,0,0,201,91500
1007,6000,6,6,1941,1950,735,869,349,1218,0,3,1,6,1,440,0,131000
1008,9947,7,5,1990,1991,1188,1217,0,1217,0,3,1,6,0,497,168,173000
1009,10762,6,6,1980,1980,626,626,591,1217,1,3,1,6,1,288,0,120000
1010,4500,6,5,1998,1998,1216,1216,0,1216,0,2,1,5,0,402,0,164000
1011,8480,5,5,1947,1950,832,832,384,1216,0,2,1,6,0,336,158,118500
1012,12400,6,7,1958,1998,1215,1215,0,1215,0,3,1,6,0,297,0,155000
1013,10355,5,5,1967,1967,1214,1214,0,1214,0,3,1,5,1,318,0,143000
1014,9170,5,7,1965,1965,1214,1214,0,1214,0,2,1,6,0,461,0,140000
1015,10410,3,4,1915,1950,672,694,520,1214,0,3,1,6,0,936,216,105000
1016,10420,6,5,2009,2009,1212,1212,0,1212,0,3,1,6,0,460,100,186000
1017,8471,6,7,1977,1995,506,1212,0,1212,0,3,1,6,1,492,292,151000
1018,9100,7,5,2001,2001,1212,1212,0,1212,0,3,1,6,0,573,356,178000
1019,8250,5,5,1968,1968,952,1211,0,1211,0,3,1,5,1,322,0,134000
1020,6762,7,5,2007,2007,1208,1208,0,1208,0,2,1,6,0,628,105,195400
1021,11250,6,6,1977,1977,1208,1208,0,1208,1,3,1,6,1,546,198,165000
1022,6240,4,5,1925,1950,780,848,0,1208,0,2,1,5,0,539,0,103000
1023,6762,7,5,2006,2006,1187,1208,0,1208,0,2,1,6,0,632,105,206000
1024,4500,6,5,1998,1998,1204,1204,0,1204,0,2,1,5,0,412,0,162000
1025,7015,5,4,1950,1950,709,979,224,1203,0,3,1,5,1,352,0,110000
1026,11340,6,5,1923,1950,1200,1200,0,1200,0,4,1,7,0,312,0,125000
1027,11249,6,5,1995,1995,1200,1200,0,1200,0,3,1,6,0,521,0,177500
1028,3182,7,5,2004,2005,600,600,600,1200,1,2,1,4,0,480,0,151000
1029,10800,5,5,1987,1988,1200,1200,0,1200,0,3,1,5,0,0,120,179000
1030,3180,7,5,2005,2005,600,520,600,1200,1,2,1,4,0,480,0,151000
1031,11767,5,6,1946,1995,768,768,432,1200,0,3,1,6,0,240,0,130500
1032,10083,7,5,2003,2003,1176,1200,0,1200,0,2,1,5,0,555,0,184900
1033,9230,5,8,1965,1998,864,1200,0,1200,1,1,1,6,0,884,0,146000
1034,3180,7,5,2005,2005,600,520,600,1200,1,2,1,4,0,480,0,144152
1035,7892,6,5,1993,1993,1199,1199,0,1199,0,2,1,5,0,530,0,153900
1036,5586,6,7,1920,1998,901,1088,110,1198,0,4,1,7,0,0,0,79900
1037,9000,6,5,1956,1956,1196,1196,0,1196,0,2,1,6,1,297,0,139000
1038,12354,6,8,1920,2000,684,684,512,1196,0,3,1,7,0,528,0,110000
1039,4800,4,7,1916,1990,1196,1196,0,1196,0,2,1,5,0,440,0,109900
1040,8760,6,6,1959,1959,1194,1194,0,1194,0,3,1,6,0,312,0,148000
1041,8910,6,6,1959,1959,655,1194,0,1194,0,3,1,6,1,539,0,159500
1042,6402,5,5,1920,1950,596,596,596,1192,0,3,1,6,0,189,0,78000
1043,10800,4,4,1949,1950,720,720,472,1192,1,4,1,6,0,0,0,135000
1044,7728,5,6,1962,1962,1106,1190,0,1190,0,3,1,6,0,540,0,132500
1045,12160,5,5,1959,1959,1188,1188,0,1188,0,3,1,6,0,531,0,142000
1046,26142,5,7,1962,1962,1188,1188,0,1188,0,3,1,6,0,312,261,157900
1047,8410,5,3,1910,1996,658,658,526,1184,0,5,1,8,0,0,0,81000
1048,6000,3,7,1948,2002,649,679,504,1183,1,2,1,6,0,308,0,120000
1049,10012,4,5,1972,1972,1138,1181,0,1181,0,3,1,6,0,588,0,137500
1050,11600,4,5,1922,1950,700,1180,0,1180,0,2,1,5,1,252,0,137500
1051,8712,4,7,1900,1950,859,859,319,1178,0,2,1,7,0,384,68,102776
1052,10000,5,6,1973,2000,1176,1178,0,1178,1,3,1,5,1,439,224,157000
1053,6240,6,6,1934,1950,816,816,0,1176,0,3,1,6,1,528,112,114500
1054,6000,6,9,1937,2000,698,786,390,1176,0,2,1,4,0,624,210,134900
1055,10625,7,6,1974,1974,1053,1173,0,1173,0,3,1,6,2,528,0,170000
1056,9248,6,6,1992,1992,1158,1167,0,1167,0,3,1,6,0,400,120,173000
1057,8731,5,5,1920,1950,915,1167,0,1167,0,3,1,6,1,495,0,144000
1058,9587,7,5,2005,2005,856,1166,0,1166,0,2,1,5,0,400,212,190000
1059,9020,6,7,1966,1966,1127,1165,0,1165,1,3,1,6,0,490,0,174900
1060,9600,7,5,1969,1969,1164,1164,0,1164,1,3,1,6,0,528,0,140000
1061,10880,5,5,1950,1950,1164,1164,0,1164,0,3,1,5,0,240,0,125000
1062,5820,3,8,1955,2005,1162,1163,0,1163,0,3,1,6,0,220,142,126175
1063,11553,5,5,1968,1968,1051,1159,0,1159,1,3,1,7,1,336,466,158000
1064,13072,6,5,2004,2004,1158,1158,0,1158,1,3,1,5,0,576,0,158000
1065,6000,6,7,1929,1950,862,950,208,1158,0,3,1,5,1,208,0,120000
1066,11782,5,7,1961,1995,1109,1155,0,1155,0,3,1,6,0,576,192,148000
1067,11000,5,6,1966,1966,1154,1154,0,1154,1,3,1,6,1,480,0,154000
1068,5436,4,8,1922,2007,796,796,358,1154,0,3,1,7,0,240,0,125500
1069,6040,4,5,1955,1955,0,1152,0,1152,0,2,2,6,0,0,0,82000
1070,14000,6,8,1950,2004,1092,1152,0,1152,0,3,1,6,1,300,0,158500
1071,14112,5,7,1964,1964,1152,1152,0,1152,0,3,1,6,1,484,227,180500
1072,7945,5,6,1959,1959,1150,1150,0,1150,0,3,1,6,0,300,0,141000
1073,6420,5,7,1952,1952,980,1148,0,1148,0,2,1,6,0,308,0,123500
1074,7931,5,5,1959,1959,1148,1148,0,1148,0,3,1,6,0,672,0,132500
1075,9590,7,5,2003,2003,868,1146,0,1146,0,3,1,6,1,438,160,187500
1076,3182,7,5,2005,2006,1145,1145,0,1145,0,2,1,5,1,397,100,160200
1077,9571,5,6,1956,1956,1144,1144,0,1144,0,3,1,6,0,596,44,129000
1078,10000,5,6,1961,1983,864,1144,0,1144,0,3,1,6,1,264,165,131400
1079,7875,5,6,1961,1961,1144,1144,0,1144,0,3,1,6,0,456,0,139950
1080,8163,5,6,1959,1959,1144,1144,0,1144,0,3,1,6,1,796,86,143000
1081,9204,5,5,1963,1963,1144,1144,0,1144,1,3,1,6,0,336,0,124000
1082,4224,5,5,1976,1976,1142,1142,0,1142,1,3,1,6,1,528,536,134000
1083,13072,6,5,2005,2005,1141,1141,0,1141,1,3,1,6,0,484,0,142500
1084,8800,4,7,1910,2004,576,792,348,1140,0,3,1,7,0,0,0,96500
1085,17217,5,5,2006,2006,1140,1140,0,1140,0,3,1,6,0,0,36,84500
1086,10482,6,8,1958,1958,588,1138,0,1138,0,3,1,6,0,264,224,145000
1087,13811,6,6,1987,1987,1112,1137,0,1137,0,2,1,5,1,551,125,176000
1088,9200,6,6,1965,1965,1136,1136,0,1136,0,3,1,5,1,384,426,140000
1089,7200,7,9,1936,2007,560,575,560,1135,0,3,1,6,0,576,256,155000
1090,8160,5,6,1940,1950,756,756,378,1134,1,3,1,7,0,240,0,126000
1091,7000,5,7,1960,2002,1010,1134,0,1134,0,2,1,6,0,254,0,135000
1092,7024,4,5,2005,2005,1132,1132,0,1132,1,2,1,5,0,451,252,176000
1093,5925,4,7,1937,2000,907,1131,0,1131,0,2,1,7,0,672,0,89471
1094,5720,5,6,1941,1950,676,676,455,1131,1,3,1,5,0,200,26,66500
1095,10800,5,6,1920,1950,1120,1130,0,1130,0,2,1,5,1,720,229,120000
1096,9000,5,5,1954,1954,936,1128,0,1128,0,2,1,5,0,286,0,118000
1097,7500,4,4,1920,1950,698,698,430,1128,0,2,1,6,0,528,30,68400
1098,8700,5,6,1963,1963,1120,1128,0,1128,0,3,1,6,0,525,192,155000
1099,8777,4,5,1949,2003,0,1126,0,1126,0,2,1,5,0,520,0,108000
1100,15611,5,6,1977,1977,1126,1126,0,1126,0,3,1,6,0,540,180,175000
1101,17400,5,5,1977,1977,1126,1126,0,1126,0,3,1,5,1,484,295,160000
1102,8536,5,5,2006,2007,1125,1125,0,1125,1,2,1,5,0,430,80,155000
1103,7200,6,6,1976,1976,1041,1125,0,1125,0,3,1,6,1,352,296,125000
1104,8335,5,5,1954,1954,0,1124,0,1124,0,3,1,5,1,0,0,93000
1105,6060,4,5,1939,1950,732,772,351,1123,0,3,1,4,0,264,0,100000
1106,12000,5,7,1948,2005,924,1122,0,1122,0,2,1,6,0,528,0,147000
1107,8546,4,5,2003,2004,1121,1121,0,1121,0,2,1,5,0,440,132,140000
1108,8816,5,6,1963,1963,1121,1121,0,1121,0,3,1,5,0,480,0,139000
1109,8402,5,5,2007,2007,1120,1120,0,1120,0,3,1,6,0,0,0,147000
1110,6970,4,5,1961,1961,1040,1120,0,1120,1,3,1,5,0,544,168,129000
1111,7800,5,7,1939,1950,793,793,325,1118,0,3,1,5,1,410,0,119900
1112,4400,6,8,1920,1950,648,734,384,1118,0,2,1,6,0,440,0,116000
1113,9880,6,6,1977,1977,1096,1118,0,1118,0,3,1,6,1,358,203,171000
1114,7819,6,5,1976,1976,1029,1117,0,1117,0,3,1,6,1,672,144,107000
1115,10000,6,6,1962,1962,1116,1116,0,1116,1,3,1,5,0,440,0,160000
1116,13695,5,5,2004,2004,1114,1114,0,1114,1,3,1,6,0,576,0,159000
1117,13695,6,5,2003,2004,1114,1114,0,1114,0,3,1,6,0,576,0,155000
1118,7917,6,7,1976,1976,1143,1113,0,1113,1,3,1,6,1,504,370,148000
1119,9600,5,7,1950,2007,1113,1113,0,1113,0,3,1,5,1,264,0,147000
1120,2592,5,3,1976,1976,536,536,576,1112,1,3,1,4,0,336,182,85000
1121,7200,5,7,1920,1996,530,581,530,1111,0,3,1,6,0,288,0,101000
1122,9084,5,6,1941,1950,616,616,495,1111,0,3,1,5,0,200,48,95000
1123,5700,7,7,1926,1950,572,572,539,1111,0,2,1,5,1,288,0,116900
1124,9101,5,6,1978,1978,1097,1110,0,1110,0,1,1,4,1,602,303,165500
1125,10500,5,7,1971,2005,372,576,533,1109,0,3,1,5,0,288,35,139000
1126,7449,7,7,1930,1950,637,1108,0,1108,0,3,1,6,1,280,0,139400
1127,6000,6,6,1925,1980,1103,1103,0,1103,0,2,1,5,1,440,166,110500
1128,5105,7,5,2004,2004,551,551,551,1102,1,2,1,4,0,480,0,148800
1129,12493,4,5,1960,1960,1100,1100,0,1100,0,3,1,6,1,312,355,141000
1130,9525,5,6,1995,2006,1099,1099,0,1099,1,3,1,6,0,352,278,144000
1131,7390,5,7,1955,1955,1098,1098,0,1098,0,3,1,6,0,260,0,135000
1132,10859,5,5,1994,1995,1097,1097,0,1097,1,3,1,6,0,672,392,145000
1133,9672,6,5,1984,1985,1040,1097,0,1097,0,3,1,6,0,480,0,152000
1134,9600,6,5,1924,1950,572,572,524,1096,0,2,1,5,0,0,0,79000
1135,15870,5,5,1969,1969,1096,1096,0,1096,0,3,1,6,0,299,240,138800
1136,10382,6,5,1958,1958,588,1095,0,1095,0,2,1,6,0,264,0,140000
1137,10452,6,5,1953,1953,1094,1094,0,1094,0,3,1,5,2,495,0,155000
1138,11616,5,5,1962,1962,1092,1092,0,1092,0,3,1,6,1,288,0,139000
1139,8250,6,7,1964,1964,1092,1092,0,1092,0,3,1,6,0,504,0,145000
1140,14850,5,5,1957,1957,1092,1092,0,1092,0,2,1,6,1,299,268,141000
1141,1680,6,5,1971,1971,525,525,567,1092,1,3,1,6,0,264,0,88000
1142,5600,4,5,1930,1950,0,372,720,1092,0,3,2,7,0,0,0,55000
1143,2001,4,5,1970,1970,546,546,546,1092,1,3,1,6,0,286,0,75000
1144,2217,4,4,1970,1970,546,546,546,1092,1,3,1,6,0,286,238,88000
1145,1974,4,5,1973,1973,546,546,546,1092,1,3,1,6,0,286,120,83500
1146,7024,5,5,2005,2006,1090,1090,0,1090,1,2,1,5,0,450,0,157000
1147,3696,8,5,1986,1986,1074,1088,0,1088,1,2,1,5,0,461,0,170000
1148,10200,5,7,1954,2003,1086,1086,0,1086,0,3,1,6,0,490,0,144900
1149,13400,5,5,1966,1966,1024,1086,0,1086,0,3,1,6,1,484,0,159950
1150,11664,6,5,1948,1950,1082,1082,0,1082,0,2,1,5,1,240,0,119200
1151,9464,6,7,1958,1958,1080,1080,0,1080,0,3,1,5,0,288,0,136000
1152,7500,7,5,2004,2005,1080,1080,0,1080,0,3,1,6,0,0,0,141000
1153,9187,6,5,1983,1983,1084,1080,0,1080,1,3,1,5,0,484,120,134000
1154,12537,5,6,1971,2008,1078,1078,0,1078,1,3,1,6,1,500,0,149900
1155,9717,5,6,1950,1996,1078,1078,0,1078,0,2,1,5,0,240,366,142125
1156,7420,5,6,1939,1950,991,1077,0,1077,0,2,2,5,2,205,0,118000
1157,8967,5,2,1920,1950,961,1077,0,1077,0,2,1,6,0,338,0,67000
1158,9786,3,4,1922,1950,1007,1077,0,1077,0,3,1,6,1,210,0,91000
1159,10140,5,6,1975,1975,1056,1074,0,1074,1,3,1,6,0,495,0,153500
1160,10289,5,7,1965,1965,1073,1073,0,1073,1,3,1,6,0,515,0,156000
1161,5400,5,6,1921,1968,1073,1073,0,1073,0,2,1,4,0,326,0,108480
1162,3675,6,5,2005,2005,547,1072,0,1072,0,2,1,5,0,525,0,148000
1163,3675,6,5,2005,2006,547,1072,0,1072,0,2,1,5,0,525,0,140000
1164,3675,5,5,2005,2005,547,1072,0,1072,0,2,1,5,0,525,0,145000
1165,4043,6,6,1977,1977,1069,1069,0,1069,0,2,1,4,0,440,0,140000
1166,4043,6,5,1977,1977,1069,1069,0,1069,0,2,1,4,1,440,0,127500
1167,8414,6,8,1963,2003,1059,1068,0,1068,0,3,1,6,0,264,192,154500
1168,9600,4,7,1950,1995,1067,1067,0,1067,0,2,1,4,0,436,290,128000
1169,8892,5,5,1960,1960,1065,1065,0,1065,1,3,1,6,0,461,74,126500
1170,9920,5,5,1954,1954,1056,1063,0,1063,0,3,1,6,0,280,0,128000
1171,11333,6,5,1976,1976,1029,1062,0,1062,0,3,1,5,2,539,120,146800
1172,4224,5,7,1976,1976,1040,1060,0,1060,0,3,1,6,1,572,100,129900
1173,8246,5,8,1968,2001,1060,1060,0,1060,0,3,1,6,1,270,406,154000
1174,7922,5,7,1953,2007,1057,1057,0,1057,0,3,1,5,0,246,0,109000
1175,7420,5,5,1962,1962,1057,1057,0,1057,0,3,1,6,0,576,0,132000
1176,8176,5,6,1958,1992,1056,1056,0,1056,0,3,1,6,0,308,0,139000
1177,34650,5,5,1955,1955,1056,1056,0,1056,0,3,1,5,0,572,264,145000
1178,8450,5,6,1968,1968,1056,1056,0,1056,0,3,1,6,1,304,0,142000
1179,9250,5,7,1954,2005,1056,1056,0,1056,0,3,1,6,0,260,390,139400
1180,6979,6,5,1980,1980,1056,1056,0,1056,0,0,2,4,0,576,264,144000
1181,8900,4,4,1966,1966,1056,1056,0,1056,0,2,1,5,0,384,0,107000
1182,8800,6,7,1963,1963,936,1054,0,1054,0,3,1,6,0,480,120,137500
1183,9750,6,8,1969,1969,1054,1054,0,1054,1,3,1,6,0,460,180,151000
1184,8973,5,7,1958,1991,1008,1053,0,1053,1,3,1,6,0,750,0,150000
1185,10007,5,7,1959,2006,1053,1053,0,1053,1,3,1,5,0,312,0,145500
1186,8816,6,7,1971,1971,1010,1052,0,1052,0,3,1,6,0,440,0,155000
1187,8400,5,5,1968,1968,1052,1052,0,1052,1,3,1,5,0,288,356,138500
1188,10659,5,6,1961,1961,1050,1050,0,1050,0,3,1,6,0,368,0,136500
1189,9600,5,6,1956,1956,1050,1050,0,1050,0,2,1,5,0,338,0,128900
1190,6380,5,6,1922,1950,993,1048,0,1048,0,2,1,5,1,280,0,113000
1191,7200,5,5,1950,1950,0,1048,0,1048,0,3,1,7,0,420,0,98300
1192,10152,5,5,1956,1956,1048,1048,0,1048,0,3,1,6,0,286,0,135000
1193,10800,4,7,1885,1995,641,1047,0,1047,0,2,1,6,0,273,0,100000
1194,8712,5,5,1952,1952,540,1044,0,1044,0,2,1,4,0,504,0,55993
1195,9600,5,6,1959,1959,1041,1041,0,1041,0,3,1,6,0,270,224,124500
1196,11200,5,5,1965,1965,1040,1040,0,1040,0,3,1,5,0,384,0,129500
1197,7200,4,5,1950,1950,0,1040,0,1040,0,2,1,4,0,420,0,109900
1198,7200,5,7,1950,1950,0,1040,0,1040,0,2,1,5,0,625,0,109500
1199,8544,3,4,1949,1950,0,1040,0,1040,0,2,2,6,0,400,0,87500
1200,8430,5,5,1978,1978,1040,1040,0,1040,0,3,1,5,0,0,0,124000
1201,12464,5,5,1996,1996,1040,1040,0,1040,0,3,1,6,0,576,168,152000
1202,8544,3,4,1950,1950,0,1040,0,1040,0,2,2,6,0,400,0,93500
1203,6897,5,8,1962,2010,1040,1040,0,1040,1,3,1,6,0,260,0,127000
1204,25286,4,5,1963,1963,1064,1040,0,1040,0,3,1,5,0,648,0,132250
1205,7500,5,5,1963,1963,1040,1040,0,1040,1,3,1,5,0,308,0,133000
1206,8544,3,4,1950,1950,0,1040,0,1040,0,2,2,6,0,400,0,92900
1207,7560,5,5,1959,1959,1040,1040,0,1040,0,3,1,6,0,286,140,133700
1208,8800,5,7,1977,2008,1040,1040,0,1040,0,3,1,5,0,484,0,150500
1209,7200,4,5,1949,1950,0,1040,0,1040,0,2,2,6,0,420,0,90000
1210,11625,5,4,1965,1965,1039,1039,0,1039,1,3,1,6,0,504,0,131500
1211,10134,5,6,1940,1950,735,735,299,1034,0,2,1,5,0,240,0,109000
1212,12328,6,5,1976,1976,1012,1034,0,1034,0,3,1,6,0,888,0,169900
1213,10395,6,6,1978,1978,1032,1032,0,1032,0,3,1,6,1,564,0,148000
1214,7943,4,5,1961,1961,1029,1029,0,1029,0,3,1,5,0,261,64,118500
1215,8960,5,6,1927,1950,1008,1028,0,1028,0,2,1,5,1,360,0,115000
1216,7930,6,8,1969,2005,1026,1026,0,1026,0,3,1,5,0,440,171,156000
1217,10970,6,6,1978,1978,940,1026,0,1026,0,3,1,5,0,576,0,147000
1218,7200,5,4,1910,2006,1022,1022,0,1022,0,2,1,4,0,280,0,85000
1219,6342,5,8,1875,1996,780,780,240,1020,0,2,1,6,0,0,0,94000
1220,6120,5,7,1925,1950,768,1015,0,1015,0,3,1,6,0,450,0,88000
1221,8263,6,5,1920,1950,1012,1012,0,1012,0,2,1,6,1,308,0,118400
1222,11425,5,6,1954,1954,1008,1008,0,1008,0,2,1,4,1,275,0,137000
1223,8923,5,7,1953,2006,1008,1008,0,1008,0,2,1,6,0,240,0,134500
1224,9000,5,3,1959,1959,1006,1006,0,1006,0,3,1,5,0,0,0,80000
1225,10434,4,5,1955,1955,1005,1005,0,1005,0,2,1,5,1,672,0,115000
1226,11241,6,7,1970,1970,1004,1004,0,1004,0,2,1,5,1,480,0,149000
1227,10530,6,5,1977,1977,975,1004,0,1004,0,2,1,4,0,504,0,135000
1228,7937,6,6,1984,1984,1003,1003,0,1003,0,3,1,6,0,588,120,142500
1229,8750,5,6,1970,1970,1002,1002,0,1002,0,3,1,5,0,902,0,148500
1230,7758,5,7,1962,2001,999,999,0,999,0,3,1,6,0,264,0,132500
1231,12122,7,9,1961,2007,944,999,0,999,0,3,1,6,0,588,144,178400
1232,10205,5,5,1962,1962,925,999,0,999,0,3,1,6,0,300,150,134500
1233,13907,5,6,1940,1969,996,996,0,996,0,3,1,6,1,0,144,108000
1234,9069,6,6,1992,1992,936,996,0,996,0,2,1,5,0,564,120,147000
1235,8070,4,5,1994,1995,990,990,0,990,0,3,1,5,0,0,0,123600
1236,13568,5,5,1995,1995,990,990,0,990,0,3,1,5,0,576,224,156000
1237,9245,5,5,1994,1995,990,990,0,990,0,3,1,5,0,672,0,145000
1238,8775,5,5,1994,1994,990,990,0,990,0,3,1,5,0,299,0,126000
1239,8072,5,5,1994,1995,990,990,0,990,0,3,1,5,0,480,0,138000
1240,1596,4,5,1973,1973,462,526,462,988,0,2,1,5,0,297,120,91000
1241,21453,6,5,1969,1969,938,988,0,988,0,1,1,4,2,540,0,180000
1242,21750,5,5,1954,1954,988,988,0,988,0,2,1,4,0,520,0,113000
1243,9945,5,5,1961,1961,988,988,0,988,0,3,1,5,0,572,0,128500
1244,7200,5,7,1950,1950,876,988,0,988,0,3,1,6,0,276,0,119000
1245,1869,6,6,1970,1970,483,483,504,987,1,2,1,5,0,280,0,106000
1246,1680,6,5,1972,1972,483,483,504,987,1,2,1,5,1,288,0,94500
1247,1680,6,3,1971,1971,483,483,504,987,1,2,1,5,0,264,0,89500
1248,1680,6,8,1972,2007,483,483,504,987,1,2,1,5,0,264,250,118000
1249,1680,6,5,1971,1971,483,483,504,987,1,2,1,4,0,264,0,85400
1250,1680,6,5,1973,1973,483,483,504,987,1,2,1,5,0,264,0,100000
1251,1953,6,5,1973,1973,483,483,504,987,1,2,1,5,0,264,72,83000
1252,6180,6,5,1926,1950,960,986,0,986,0,2,1,5,1,180,0,102000
1253,8385,5,8,1977,1977,985,985,0,985,0,3,1,6,0,328,210,149900
1254,10530,6,5,1971,1971,981,981,0,981,1,3,1,5,0,576,0,143250
1255,7064,5,6,1977,1977,980,980,0,980,0,3,1,6,0,484,192,135000
1256,9750,5,5,1967,1967,980,980,0,980,0,3,1,6,0,384,68,135500
1257,9400,6,5,1975,1975,945,980,0,980,0,4,0,4,0,0,0,127500
1258,10712,5,5,1991,1992,974,974,0,974,0,3,1,5,0,0,0,93500
1259,8000,6,6,1948,2002,972,972,0,972,0,2,1,5,1,240,0,132000
1260,9920,5,6,1969,1969,971,971,0,971,1,3,1,5,1,300,0,128500
1261,8480,5,6,1963,1963,970,970,0,970,0,2,1,5,0,624,0,132500
1262,10356,5,6,1975,1975,969,969,0,969,1,3,1,5,0,440,0,122000
1263,8520,5,6,1923,2006,968,968,0,968,0,2,1,5,0,480,0,100000
1264,5925,3,6,1910,1950,600,600,368,968,0,2,1,6,0,0,0,37900
1265,10800,4,6,1927,2007,656,968,0,968,0,4,1,5,0,216,0,64500
1266,7800,5,5,1965,1965,828,965,0,965,0,3,1,6,0,300,421,119900
1267,13360,5,7,1921,2006,876,964,0,964,0,2,1,5,0,432,0,163500
1268,10921,4,5,1965,1965,960,960,0,960,0,3,1,6,0,432,120,94750
1269,9873,4,5,1970,1970,960,960,0,960,0,3,1,6,0,576,0,129000
1270,8926,4,3,1956,1956,672,960,0,960,0,3,1,5,0,288,64,112000
1271,10246,4,9,1965,2001,648,960,0,960,0,0,1,3,0,364,88,145000
1272,6000,4,4,1920,1950,960,960,0,960,0,2,1,5,0,308,0,108500
1273,4928,6,5,1976,1976,1078,958,0,958,0,2,1,5,1,440,0,128000
1274,12772,6,8,1960,1998,958,958,0,958,0,2,1,5,0,301,0,151500
1275,4928,6,6,1976,1976,958,958,0,958,0,2,1,5,0,440,0,143750
1276,7742,5,7,1966,1966,955,955,0,955,0,3,1,6,0,386,0,127000
1277,6305,5,7,1938,1950,920,954,0,954,0,2,1,5,1,240,0,119750
1278,10780,5,5,1976,1976,911,954,0,954,0,3,1,6,0,576,0,132500
1279,8475,4,7,1956,1956,952,952,0,952,0,2,1,4,0,283,0,135750
1280,7350,5,7,1951,1951,952,952,0,952,0,2,1,4,0,840,0,139000
1281,8854,6,6,1916,1950,952,952,0,952,0,2,1,4,1,192,0,121000
1282,8765,4,6,1936,1950,951,951,0,951,0,2,1,6,0,327,0,106500
1283,9758,5,5,1971,1971,950,950,0,950,0,3,1,5,0,280,0,119500
1284,8978,5,5,1968,1968,948,948,0,948,0,3,1,6,0,300,147,108000
1285,8190,4,6,1954,1954,948,948,0,948,0,3,1,5,1,280,0,119000
1286,10215,4,5,1954,1954,864,948,0,948,0,3,1,5,0,248,0,111000
1287,10206,3,3,1952,1952,0,944,0,944,0,2,1,4,0,528,0,82000
1288,7032,5,5,1979,1979,943,943,0,943,0,2,1,4,2,600,42,135960
1289,9200,5,6,1975,1980,938,938,0,938,0,3,1,5,0,308,145,130250
1290,6000,4,4,1953,1953,936,936,0,936,0,2,1,4,0,576,0,93000
1291,5868,5,7,1956,2000,936,936,0,936,0,2,1,4,0,308,0,129000
1292,7200,5,5,1980,1980,936,936,0,936,0,2,1,4,0,672,49,140000
1293,9100,5,6,1930,1960,742,779,0,935,0,2,1,4,0,308,0,79500
1294,13526,5,6,1965,1965,935,935,0,935,0,3,1,5,0,288,180,137000
1295,8280,6,5,1950,1950,932,932,0,932,0,2,1,4,1,306,0,124000
1296,11100,4,7,1946,2006,0,930,0,930,0,2,1,6,0,308,0,84900
1297,13300,5,7,1956,2000,928,928,0,928,0,2,1,4,0,252,261,132000
1298,6000,5,6,1957,1957,928,928,0,928,0,3,1,5,0,288,0,112500
1299,9100,5,6,1965,1965,925,925,0,925,0,2,1,5,0,429,0,117500
1300,7990,5,6,1975,1975,924,924,0,924,0,3,1,5,0,280,0,110000
1301,8064,5,7,1949,2006,672,672,252,924,0,3,1,6,1,576,0,122900
1302,12180,4,4,1941,1950,672,672,252,924,0,2,1,5,0,280,0,80000
1303,8012,6,5,1980,1980,923,923,0,923,0,2,1,5,1,264,80,143000
1304,6951,5,5,1984,1985,876,923,0,923,0,3,1,5,0,264,362,119500
1305,7892,6,5,1979,1979,918,918,0,918,0,2,1,5,1,264,28,99500
1306,8846,5,5,1996,1996,870,914,0,914,0,2,1,5,0,576,0,148000
1307,8400,6,5,1966,1966,814,913,0,913,0,3,1,6,0,240,0,129000
1308,12968,5,6,1962,1962,912,912,0,912,0,2,1,4,0,352,140,144000
1309,8521,5,5,1967,1967,912,912,0,912,0,3,1,5,1,336,0,125000
1310,7540,6,6,1978,1978,888,912,0,912,0,2,1,5,1,470,0,156000
1311,7535,5,7,1958,1985,912,912,0,912,0,2,1,5,0,297,12,120000
1312,6768,6,8,1961,1996,912,912,0,912,0,3,1,5,0,288,168,142000
1313,10150,5,5,1958,1958,912,912,0,912,0,2,1,5,0,275,0,114500
1314,6240,4,5,1947,1950,0,672,240,912,0,2,1,3,0,0,0,80500
1315,7800,5,5,1964,1964,912,912,0,912,0,2,1,5,0,288,0,115000
1316,8872,5,8,1965,2008,912,912,0,912,0,2,1,5,0,576,0,147000
1317,8892,5,7,1953,1996,105,910,0,910,0,3,1,5,0,414,196,116000
1318,8593,4,6,1957,1957,907,907,0,907,0,3,1,5,0,352,0,109008
1319,10020,1,1,1922,1950,683,904,0,904,1,1,1,4,0,0,0,61000
1320,6000,6,7,1926,2004,884,904,0,904,0,2,1,4,0,180,0,119000
1321,7162,5,7,1966,1966,876,904,0,904,0,3,1,6,0,408,0,109900
1322,6173,5,6,1967,1967,876,902,0,902,0,3,1,6,0,288,0,125500
1323,8885,5,5,1983,1983,864,902,0,902,0,2,1,5,0,484,164,131000
1324,6000,4,7,1954,2000,901,901,0,901,0,2,1,4,0,281,0,107900
1325,7200,5,7,1951,2000,900,900,0,900,0,3,1,5,0,576,222,134800
1326,9819,5,5,1967,1967,882,900,0,900,0,3,1,5,0,280,0,122000
1327,7838,5,5,1967,1967,864,900,0,900,0,3,1,6,1,288,175,123000
1328,7800,5,7,1967,2004,864,899,0,899,0,3,1,5,0,288,64,130000
1329,10650,5,6,1976,1976,894,894,0,894,0,3,1,5,0,308,365,128200
1330,9800,5,7,1972,1972,894,894,0,894,0,3,1,5,0,552,256,149900
1331,7200,5,5,1972,1972,894,894,0,894,0,2,1,6,0,600,215,123000
1332,8450,5,8,1965,2009,894,894,0,894,0,3,1,5,1,336,416,138500
1333,13350,5,5,1974,1974,864,894,0,894,0,3,1,5,1,440,241,142500
1334,6600,5,5,1962,1962,894,894,0,894,0,2,1,5,0,308,0,109500
1335,9450,4,5,1954,1954,894,894,0,894,0,3,1,5,0,400,0,110000
1336,18000,3,4,1935,1950,894,894,0,894,0,2,1,6,0,1248,0,81000
1337,9764,5,7,1967,2003,894,894,0,894,0,3,1,5,0,450,0,130000
1338,8724,5,5,1968,1968,894,894,0,894,0,3,1,5,1,450,0,129000
1339,7094,5,5,1966,1966,894,894,0,894,0,3,1,5,0,384,0,125000
1340,9600,5,7,1949,2003,845,893,0,893,0,2,1,4,0,576,0,135000
1341,7150,5,5,1967,1967,892,892,0,892,0,3,1,5,0,288,0,100000
1342,9477,5,5,1966,1966,864,892,0,892,0,3,1,5,0,264,0,110000
1343,5784,5,8,1938,1996,190,886,0,886,0,2,1,4,0,273,144,91300
1344,9180,5,7,1983,1983,840,884,0,884,0,2,1,5,0,504,240,144000
1345,5500,4,6,1956,1956,882,882,0,882,0,1,1,4,0,0,0,103200
1346,12702,5,5,1956,1956,0,882,0,882,0,2,1,4,0,308,0,97000
1347,8339,5,7,1959,1959,0,882,0,882,0,3,1,5,0,294,0,106500
1348,7700,5,5,1972,1972,882,882,0,882,0,3,1,5,0,461,96,112500
1349,6120,5,7,1931,1993,715,875,0,875,0,2,1,5,0,180,48,105000
1350,9858,5,6,1968,1968,864,874,0,874,0,3,1,5,0,288,33,130000
1351,8294,4,5,1971,1971,858,872,0,872,0,3,1,5,0,480,0,123000
1352,5900,4,7,1923,1958,440,869,0,869,0,2,1,4,0,0,0,85500
1353,3880,5,9,1945,1997,686,866,0,866,0,2,1,4,0,0,58,110500
1354,10500,4,5,1971,1971,864,864,0,864,0,3,1,5,1,0,0,115000
1355,7180,5,7,1972,1972,864,864,0,864,0,3,1,5,0,352,0,127000
1356,5604,5,6,1925,1950,864,864,0,864,0,2,1,5,0,0,0,98000
1357,10500,4,6,1971,1971,864,864,0,864,0,2,1,4,0,576,216,97000
1358,19138,4,5,1951,1951,864,864,0,864,0,2,1,4,0,400,0,141000
1359,8281,5,5,1965,1965,864,864,0,864,0,3,1,5,1,360,0,62383
1360,9100,5,5,1958,1958,864,864,0,864,0,3,1,5,0,624,0,129900
1361,12735,4,5,1972,1972,864,864,0,864,0,3,1,5,0,576,216,111250
1362,7332,6,6,1959,1959,864,864,0,864,0,2,1,4,0,288,168,120000
1363,8248,3,3,1914,1950,864,864,0,864,0,2,1,5,0,0,0,67000
1364,8120,4,7,1970,1970,864,864,0,864,0,3,1,5,0,463,0,124500
1365,6960,4,6,1970,1970,864,864,0,864,0,3,1,5,0,660,96,120500
1366,9100,6,6,1959,1959,864,864,0,864,0,2,1,5,0,300,0,127500
1367,15523,5,6,1972,1972,864,864,0,864,0,3,1,5,1,338,0,133500
1368,7000,5,8,1978,2005,864,864,0,864,0,3,1,6,0,336,0,136500
1369,7200,5,8,1950,2002,864,864,0,864,0,3,1,5,0,720,194,129000
1370,9353,4,5,1970,1970,864,864,0,864,0,3,1,5,0,280,0,116050
1371,4060,5,8,1922,1950,864,864,0,864,0,2,1,4,0,0,0,99900
1372,8172,5,7,1955,1990,864,864,0,864,0,2,1,5,0,572,0,115000
1373,9560,5,7,1972,1972,864,864,0,864,0,3,1,5,0,288,0,128500
1374,8212,3,3,1914,1950,864,864,0,864,0,2,1,5,0,200,0,58500
1375,9000,4,6,1971,1971,864,864,0,864,0,3,1,5,0,528,0,120500
1376,12342,4,5,1940,1950,861,861,0,861,0,1,1,4,0,539,158,82500
1377,8740,5,6,1982,1982,840,860,0,860,0,2,1,4,0,528,0,137000
1378,8125,4,4,1971,1971,858,858,0,858,0,3,1,5,0,0,0,88000
1379,7252,5,5,1982,1982,858,858,0,858,0,2,1,5,0,576,120,134900
1380,7340,4,6,1971,1971,858,858,0,858,0,2,1,4,0,684,0,110000
1381,7207,5,7,1958,2008,858,858,0,858,0,2,1,4,0,0,117,116500
1382,6120,7,8,1929,2001,832,854,0,854,0,2,1,5,0,576,48,132000
1383,4438,6,5,2004,2004,848,848,0,848,0,1,1,3,1,420,149,149000
1384,4435,6,5,2003,2003,848,848,0,848,0,1,1,4,0,420,140,140000
1385,4426,6,5,2004,2004,848,848,0,848,0,1,1,3,1,420,149,141000
1386,4426,6,5,2004,2004,848,848,0,848,0,1,1,3,0,420,160,143000
1387,4438,6,5,2004,2004,848,848,0,848,0,1,1,4,1,420,140,144500
1388,4435,6,5,2003,2003,848,848,0,848,0,1,1,3,0,420,140,131500
1389,4435,6,5,2004,2004,848,848,0,848,0,1,1,3,1,420,140,155900
1390,4435,6,5,2003,2004,848,848,0,848,0,1,1,4,0,420,140,144000
1391,4435,6,5,2003,2003,848,848,0,848,0,1,1,3,0,420,140,136500
1392,4426,6,5,2004,2004,848,848,0,848,0,1,1,3,1,420,149,149300
1393,7599,4,6,1982,2006,845,845,0,845,0,2,1,4,0,360,0,129500
1394,11500,4,3,1957,1957,0,845,0,845,0,3,1,5,0,290,186,84000
1395,8400,4,4,1950,1950,721,841,0,841,0,2,1,4,0,294,250,82000
1396,4388,5,7,1930,1950,672,840,0,840,0,3,1,5,1,0,0,87000
1397,10267,6,7,1918,2000,816,838,0,838,0,2,1,5,0,275,0,130000
1398,10625,5,5,1920,1950,458,835,0,835,0,2,1,5,0,366,0,83000
1399,5400,5,7,1954,2000,833,833,0,833,0,2,1,4,0,326,0,117000
1400,8780,5,5,1985,1985,833,833,0,833,0,3,1,5,0,0,0,112000
1401,7227,6,6,1954,1954,832,832,0,832,0,2,1,4,0,528,0,105500
1402,7200,5,7,1955,2007,0,827,0,827,0,2,1,5,1,392,0,107500
1403,8235,5,7,1955,1995,825,825,0,825,0,2,1,4,0,720,140,125000
1404,8472,5,5,1963,1963,816,816,0,816,0,2,1,5,0,516,106,110000
1405,8314,5,7,1982,1982,816,816,0,816,0,2,1,5,0,264,168,124500
1406,11841,6,5,1990,1990,816,816,0,816,0,3,1,5,0,0,0,118500
1407,6600,5,8,1982,2003,816,816,0,816,0,2,1,4,0,816,0,138000
1408,7100,5,7,1957,1957,816,816,0,816,0,2,1,5,0,308,0,129900
1409,5890,6,8,1930,2007,816,816,0,816,0,2,1,5,0,432,0,120500
1410,6600,5,9,1982,2008,816,816,0,816,0,3,1,5,1,264,0,130500
1411,8877,4,6,1938,1958,816,816,0,816,0,2,1,3,1,288,0,100000
1412,5684,6,8,1930,2005,813,813,0,813,0,2,1,5,0,270,0,110000
1413,7200,5,7,1940,1992,788,804,0,804,0,2,1,4,2,240,0,119000
1414,5000,5,6,1941,1950,720,803,0,803,0,2,1,5,0,360,0,87000
1415,6120,2,3,1936,1950,264,800,0,800,0,1,1,4,1,0,0,60000
1416,8777,5,7,1910,1950,796,796,0,796,0,2,1,4,0,0,328,85000
1417,3636,4,4,1922,1950,796,796,0,796,0,2,1,5,0,0,0,55000
1418,9022,5,8,1924,2006,768,792,0,792,0,2,1,5,0,240,316,109500
1419,6292,6,5,1930,1950,768,790,0,790,0,2,1,4,0,160,0,91000
1420,6000,5,5,1948,1950,789,789,0,789,0,2,1,5,0,250,0,115000
1421,10594,5,5,1926,1950,768,789,0,789,0,2,1,5,0,200,0,96500
1422,7446,4,5,1941,1950,788,788,0,788,0,2,1,4,2,0,0,100000
1423,9000,6,3,1928,1950,784,784,0,784,0,2,1,5,0,360,0,76000
1424,6130,5,6,1924,1950,784,784,0,784,0,2,1,5,0,0,0,109500
1425,7200,5,7,1972,1972,780,780,0,780,0,2,1,4,0,352,196,124900
1426,6900,5,6,1940,1955,740,778,0,778,0,2,1,4,1,924,0,120500
1427,4270,3,6,1931,2006,544,774,0,774,0,3,1,6,0,0,0,79000
1428,7677,5,5,1953,1953,773,773,0,773,0,2,1,4,0,240,0,110000
1429,7244,5,7,1970,1970,768,768,0,768,0,2,1,5,0,624,104,129500
1430,7200,5,8,1972,2003,768,768,0,768,0,2,1,5,0,396,192,133900
1431,8445,5,7,1972,2007,768,768,0,768,0,2,1,5,0,396,58,133000
1432,4058,7,5,1998,1998,723,767,0,767,0,1,1,4,0,367,120,133000
1433,5232,5,5,1925,2004,680,764,0,764,0,2,1,4,0,504,0,73000
1434,6780,6,8,1935,1982,520,520,0,754,0,2,1,5,0,0,53,84500
1435,7175,6,5,1984,1984,744,752,0,752,0,2,1,4,0,264,353,125000
1436,4608,4,6,1945,1950,747,747,0,747,0,2,1,4,0,220,0,80000
1437,5825,4,5,1926,1953,600,747,0,747,0,1,1,5,0,528,0,79900
1438,4130,3,6,1935,2003,270,729,0,729,0,2,1,5,0,0,0,52000
1439,8520,6,8,1928,2003,624,720,0,720,0,2,1,5,0,484,106,105900
1440,7879,4,5,1920,1950,720,720,0,720,0,2,1,4,0,0,0,34900
1441,6627,3,6,1949,1950,0,720,0,720,0,2,1,4,0,287,0,72500
1442,5330,4,7,1940,1950,420,708,0,708,0,2,1,5,0,0,164,82500
1443,9405,5,9,1947,2008,698,698,0,698,0,2,1,4,0,0,0,118000
1444,4280,5,6,1913,2002,440,694,0,694,0,2,1,4,1,352,0,90350
1445,4118,4,4,1941,1950,693,693,0,693,0,2,1,4,0,0,0,52500
1446,5400,5,6,1920,1950,691,691,0,691,0,2,1,4,0,216,0,86000
1447,10200,5,8,1940,1997,672,672,0,672,0,2,1,4,0,240,168,108000
1448,9340,4,6,1941,1950,672,672,0,672,0,2,1,4,0,234,0,113000
1449,1890,4,7,1972,1972,630,630,0,630,0,1,1,3,0,0,88,81000
1450,1526,4,8,1970,2002,630,630,0,630,0,1,1,3,0,286,0,86000
1451,1491,4,6,1972,1972,630,630,0,630,0,1,1,3,0,0,96,75500
1452,1936,4,6,1970,1970,630,630,0,630,0,1,1,3,0,0,0,84500
1453,1477,4,4,1970,1970,630,630,0,630,0,1,1,3,0,286,0,80000
1454,1533,5,7,1970,1970,630,630,0,630,0,1,1,3,0,0,0,92000
1455,6000,5,7,1921,1950,616,616,0,616,0,2,1,4,0,205,0,89000
1456,9098,4,7,1920,2002,528,605,0,605,0,2,1,5,0,0,0,86000
1457,6324,4,6,1927,1950,520,520,0,520,0,1,1,4,0,240,49,68500
1458,9000,2,3,1949,1950,480,480,0,480,0,1,1,4,0,308,0,35311
1459,8400,2,5,1920,1950,290,438,0,438,0,1,1,3,0,246,0,60000
1460,5000,1,3,1946,1950,0,334,0,334,0,1,1,2,0,0,0,39300